Crossing,AEP,Adopted Flow (m^3/s),Barrels,Diameter (m),Barrel Shape,Barrel Material,Inlet Type,Inlet Edge Type,Span (m),Rise (m),Barrel Length (m),Inlet Invert Elev (m),Outlet Invert Elev (m),Roadway Width (m),Roadway Elevation (m),Tailwater Elevation (m),US Headwater (m),Status,Error Message,Computed Flow (Q @ DS_h TW) (m^3/s),Headwater (Q @ DS_h TW) (m),HW:D (Q @ DS_h TW),Outlet Velocity (Q @ DS_h TW) (m/s),Flow Type (Q @ DS_h TW),Overtopping (Q @ DS_h TW),Workspace (Q @ DS_h TW),Computed Flow (Q @ Invert TW) (m^3/s),Headwater (Q @ Invert TW) (m),HW:D (Q @ Invert TW),Outlet Velocity (Q @ Invert TW) (m/s),Flow Type (Q @ Invert TW),Overtopping (Q @ Invert TW),Workspace (Q @ Invert TW),Headwater (HW = US_h) (m),HW:D (HW = US_h),"Computed Flow (HW = US_h, Q @ DS_h TW) (m^3/s)","Outlet Velocity (HW = US_h, Q @ DS_h TW) (m/s)","Flow Type (HW = US_h, Q @ DS_h TW)","Overtopping (HW = US_h, Q @ DS_h TW)","Workspace (HW = US_h, Q @ DS_h TW)",Headwater (HW:D = 1.50) (m),HW:D (HW:D = 1.50),"Computed Flow (HW:D = 1.50, Q @ Invert TW) (m^3/s)","Outlet Velocity (HW:D = 1.50, Q @ Invert TW) (m/s)","Flow Type (HW:D = 1.50, Q @ Invert TW)","Overtopping (HW:D = 1.50, Q @ Invert TW)","Workspace (HW:D = 1.50, Q @ Invert TW)"
CULVERT 001 (02.00p),02.00p,1.34,1,0.9000000000000057,Circle,Corrugated Steel,Straight,Thin Edge Projecting,0.9000,0.9000,31.1000,174.0460,173.8140,10.0000,224.0460,174.4086,175.1835,Success,,1.3400,175.6000,1.7267,2.5800,7-M2c,No,C:\Temp\hy8\CULVERT 001\Fixed Flow Runs\CULVERT 001 _Q _ DS_h TW _2_.hy8,1.3400,175.6000,1.7267,2.5800,7-M2c,No,C:\Temp\hy8\CULVERT 001\Fixed Flow Runs\CULVERT 001 _Q _ Invert TW_.hy8,175.1800,1.2600,1.0600,2.3200,7-M2c,No,C:\Temp\hy8\CULVERT 001 _02_00p_\HW _ US_h_ Q _ DS_h TW,175.3900,1.4933,1.2100,2.4500,7-M2c,No,C:\Temp\hy8\CULVERT 001 _02_00p_\HW_D _ 1_50_ Q _ Invert TW
CULVERT 001 (20.00p),20.00p,0.582,1,0.9000000000000057,Circle,Corrugated Steel,Straight,Thin Edge Projecting,0.9000,0.9000,31.1000,174.0460,173.8140,10.0000,224.0460,174.3590,174.7084,Success,,0.5800,174.7900,0.8267,1.4400,3-M2t,No,C:\Temp\hy8\CULVERT 001\Fixed Flow Runs\CULVERT 001 _Q _ DS_h TW _1_.hy8,0.5800,174.7900,0.8267,1.8500,2-M2c,No,C:\Temp\hy8\CULVERT 001\Fixed Flow Runs\CULVERT 001 _Q _ Invert TW_.hy8,174.7100,0.7378,0.4700,1.1800,3-M1t,No,C:\Temp\hy8\CULVERT 001 _20_00p_\HW _ US_h_ Q _ DS_h TW,175.4000,1.5044,1.2100,2.4600,7-M2c,No,C:\Temp\hy8\CULVERT 001 _20_00p_\HW_D _ 1_50_ Q _ Invert TW
CULVERT 003,02.00p,0.757,1,0.8999999999999773,,,,,,,,,,,,,,Failed,Unable to bracket the requested headwater.,,,,,,,,,,,,,,,,,,,,,,,,,,,,
CULVERT 003,20.00p,0.305,1,0.8999999999999773,,,,,,,,,,,,,,Failed,Unable to bracket the requested headwater.,,,,,,,,,,,,,,,,,,,,,,,,,,,,
CULVERT 004 (02.00p),02.00p,33.338,23,0.9000000000000057,Circle,Corrugated Steel,Straight,Thin Edge Projecting,0.9000,0.9000,34.9000,171.9650,171.5290,10.0000,221.9650,173.4318,174.3046,Success,,33.3400,174.6900,3.0278,2.2800,4-FFf,No,C:\Temp\hy8\CULVERT 004\Fixed Flow Runs\CULVERT 004 _Q _ DS_h TW _2_.hy8,33.3400,173.5800,1.7944,2.6900,7-M2c,No,C:\Temp\hy8\CULVERT 004\Fixed Flow Runs\CULVERT 004 _Q _ Invert TW_.hy8,174.3000,2.5944,27.7000,1.8900,4-FFf,No,C:\Temp\hy8\CULVERT 004 _02_00p_\HW _ US_h_ Q _ DS_h TW,173.3300,1.5167,30.2900,2.5600,7-M2c,No,C:\Temp\hy8\CULVERT 004 _02_00p_\HW_D _ 1_50_ Q _ Invert TW
CULVERT 004 (20.00p),20.00p,18.107,23,0.9000000000000057,Circle,Corrugated Steel,Straight,Thin Edge Projecting,0.9000,0.9000,34.9000,171.9650,171.5290,10.0000,221.9650,172.9634,173.3057,Success,,18.1100,173.3400,1.5278,1.2400,4-FFf,No,C:\Temp\hy8\CULVERT 004\Fixed Flow Runs\CULVERT 004 _Q _ DS_h TW _1_.hy8,18.1100,172.8700,1.0056,2.0600,7-M2c,No,C:\Temp\hy8\CULVERT 004\Fixed Flow Runs\CULVERT 004 _Q _ Invert TW_.hy8,173.3000,1.4833,17.3100,1.1800,4-FFf,No,C:\Temp\hy8\CULVERT 004 _20_00p_\HW _ US_h_ Q _ DS_h TW,173.3100,1.4944,30.1600,2.5500,7-M2c,No,C:\Temp\hy8\CULVERT 004 _20_00p_\HW_D _ 1_50_ Q _ Invert TW
CULVERT 005 (02.00p),02.00p,0.621,1,0.9000000000000057,Circle,Corrugated Steel,Straight,Thin Edge Projecting,0.9000,0.9000,24.9000,178.3690,178.2650,10.0000,228.3690,178.3654,179.1457,Success,,0.6200,179.1600,0.8789,1.8900,2-M2c,No,C:\Temp\hy8\CULVERT 005\Fixed Flow Runs\CULVERT 005 _Q _ DS_h TW _2_.hy8,0.6200,179.1600,0.8789,1.8900,2-M2c,No,C:\Temp\hy8\CULVERT 005\Fixed Flow Runs\CULVERT 005 _Q _ Invert TW_.hy8,179.1500,0.8678,0.6000,1.8700,2-M2c,No,C:\Temp\hy8\CULVERT 005 _02_00p_\HW _ US_h_ Q _ DS_h TW,179.7200,1.5011,1.1900,2.4300,7-M2c,No,C:\Temp\hy8\CULVERT 005 _02_00p_\HW_D _ 1_50_ Q _ Invert TW
CULVERT 005 (20.00p),20.00p,0.282,1,0.9000000000000057,Circle,Corrugated Steel,Straight,Thin Edge Projecting,0.9000,0.9000,24.9000,178.3690,178.2650,10.0000,228.3690,178.3373,178.8764,Success,,0.2800,178.8700,0.5567,1.4800,2-M2c,No,C:\Temp\hy8\CULVERT 005\Fixed Flow Runs\CULVERT 005 _Q _ DS_h TW _1_.hy8,0.2800,178.8700,0.5567,1.4800,2-M2c,No,C:\Temp\hy8\CULVERT 005\Fixed Flow Runs\CULVERT 005 _Q _ Invert TW_.hy8,178.8800,0.5678,0.2900,1.4900,2-M2c,No,C:\Temp\hy8\CULVERT 005 _20_00p_\HW _ US_h_ Q _ DS_h TW,179.7200,1.5011,1.1900,2.4300,7-M2c,No,C:\Temp\hy8\CULVERT 005 _20_00p_\HW_D _ 1_50_ Q _ Invert TW
CULVERT 006 (02.00p),02.00p,0.219,1,0.9000000000000057,Circle,Corrugated Steel,Straight,Thin Edge Projecting,0.9000,0.9000,30.2000,178.6780,178.5180,10.0000,228.6780,178.6036,179.1466,Success,,0.2200,179.1100,0.4800,1.3800,2-M2c,No,C:\Temp\hy8\CULVERT 006\Fixed Flow Runs\CULVERT 006 _Q _ DS_h TW _2_.hy8,0.2200,179.1100,0.4800,1.3800,2-M2c,No,C:\Temp\hy8\CULVERT 006\Fixed Flow Runs\CULVERT 006 _Q _ Invert TW_.hy8,179.1400,0.5133,0.2500,1.4200,2-M2c,No,C:\Temp\hy8\CULVERT 006 _02_00p_\HW _ US_h_ Q _ DS_h TW,180.0300,1.5022,1.1700,2.4200,7-M2c,No,C:\Temp\hy8\CULVERT 006 _02_00p_\HW_D _ 1_50_ Q _ Invert TW
CULVERT 006 (20.00p),20.00p,0.102,1,0.9000000000000057,Circle,Corrugated Steel,Straight,Thin Edge Projecting,0.9000,0.9000,30.2000,178.6780,178.5180,10.0000,228.6780,178.5583,178.9380,Success,,0.1000,178.9700,0.3244,1.1200,2-M2c,No,C:\Temp\hy8\CULVERT 006\Fixed Flow Runs\CULVERT 006 _Q _ DS_h TW _1_.hy8,0.1000,178.9700,0.3244,1.1200,2-M2c,No,C:\Temp\hy8\CULVERT 006\Fixed Flow Runs\CULVERT 006 _Q _ Invert TW_.hy8,179.0400,0.4022,0.0000,0.0400,3-M1t,No,C:\Temp\hy8\CULVERT 006 _20_00p_\HW _ US_h_ Q _ DS_h TW,180.0300,1.5022,1.1700,2.4200,7-M2c,No,C:\Temp\hy8\CULVERT 006 _20_00p_\HW_D _ 1_50_ Q _ Invert TW
CULVERT 007 (02.00p),02.00p,6.728,2,1.199999999999989,Circle,Corrugated Steel,Straight,Thin Edge Projecting,1.2000,1.2000,35.3000,179.1850,178.8010,10.0000,229.1850,179.9026,181.5745,Success,,6.7300,181.6700,2.0708,3.0900,7-M2t,No,C:\Temp\hy8\CULVERT 007\Fixed Flow Runs\CULVERT 007 _Q _ DS_h TW _2_.hy8,6.7300,181.6500,2.0542,3.3300,7-M2c,No,C:\Temp\hy8\CULVERT 007\Fixed Flow Runs\CULVERT 007 _Q _ Invert TW_.hy8,181.5700,1.9875,6.5400,3.0100,7-M2t,No,C:\Temp\hy8\CULVERT 007 _02_00p_\HW _ US_h_ Q _ DS_h TW,180.9800,1.4958,5.4500,2.9600,7-M2c,No,C:\Temp\hy8\CULVERT 007 _02_00p_\HW_D _ 1_50_ Q _ Invert TW
CULVERT 007 (20.00p),20.00p,5.225,2,1.199999999999989,Circle,Corrugated Steel,Straight,Thin Edge Projecting,1.2000,1.2000,35.3000,179.1850,178.8010,10.0000,229.1850,179.8555,180.9501,Success,,5.2300,180.9000,1.4292,2.4800,3-M2t,No,C:\Temp\hy8\CULVERT 007\Fixed Flow Runs\CULVERT 007 _Q _ DS_h TW _1_.hy8,5.2300,180.9000,1.4292,2.9000,7-M2c,No,C:\Temp\hy8\CULVERT 007\Fixed Flow Runs\CULVERT 007 _Q _ Invert TW_.hy8,180.9400,1.4625,5.3300,2.5300,7-M2t,No,C:\Temp\hy8\CULVERT 007 _20_00p_\HW _ US_h_ Q _ DS_h TW,180.9700,1.4875,5.4400,2.9600,7-M2c,No,C:\Temp\hy8\CULVERT 007 _20_00p_\HW_D _ 1_50_ Q _ Invert TW
CULVERT 008,02.00p,0.422,1,0.9000000000000057,,,,,,,,,,,,,,Failed,Unable to bracket the requested headwater.,,,,,,,,,,,,,,,,,,,,,,,,,,,,
CULVERT 008,20.00p,0.195,1,0.9000000000000057,,,,,,,,,,,,,,Failed,Unable to bracket the requested headwater.,,,,,,,,,,,,,,,,,,,,,,,,,,,,
CULVERT 009 (02.00p),02.00p,3.988,2,1.199999999999989,Circle,Corrugated Steel,Straight,Thin Edge Projecting,1.2000,1.2000,26.8000,184.1850,184.1030,10.0000,234.1850,184.5801,185.5622,Success,,3.9900,185.6100,1.1875,2.5700,7-M2c,No,C:\Temp\hy8\CULVERT 009\Fixed Flow Runs\CULVERT 009 _Q _ DS_h TW _2_.hy8,3.9900,185.6100,1.1875,2.5700,7-M2c,No,C:\Temp\hy8\CULVERT 009\Fixed Flow Runs\CULVERT 009 _Q _ Invert TW_.hy8,185.5600,1.1458,3.8000,2.5300,7-M2c,No,C:\Temp\hy8\CULVERT 009 _02_00p_\HW _ US_h_ Q _ DS_h TW,185.9900,1.5042,5.0500,2.8500,7-M2c,No,C:\Temp\hy8\CULVERT 009 _02_00p_\HW_D _ 1_50_ Q _ Invert TW
CULVERT 009 (20.00p),20.00p,2.669,2,1.199999999999989,Circle,Corrugated Steel,Straight,Thin Edge Projecting,1.2000,1.2000,26.8000,184.1850,184.1030,10.0000,234.1850,184.5304,185.2200,Success,,2.6700,185.2800,0.9125,2.2200,2-M2c,No,C:\Temp\hy8\CULVERT 009\Fixed Flow Runs\CULVERT 009 _Q _ DS_h TW _1_.hy8,2.6700,185.2800,0.9125,2.2200,2-M2c,No,C:\Temp\hy8\CULVERT 009\Fixed Flow Runs\CULVERT 009 _Q _ Invert TW_.hy8,185.2200,0.8625,2.4700,2.1600,2-M2c,No,C:\Temp\hy8\CULVERT 009 _20_00p_\HW _ US_h_ Q _ DS_h TW,185.9900,1.5042,5.0300,2.8500,7-M2c,No,C:\Temp\hy8\CULVERT 009 _20_00p_\HW_D _ 1_50_ Q _ Invert TW
CULVERT 010 (02.00p),02.00p,1.255,1,0.8999999999999773,Circle,Corrugated Steel,Straight,Thin Edge Projecting,0.9000,0.9000,22.3000,185.4190,184.9830,10.0000,235.4190,185.0690,186.5474,Success,,1.2600,186.6800,1.4011,2.5000,7-M2c,No,C:\Temp\hy8\CULVERT 010\Fixed Flow Runs\CULVERT 010 _Q _ DS_h TW _2_.hy8,1.2600,186.6800,1.4011,2.5000,7-M2c,No,C:\Temp\hy8\CULVERT 010\Fixed Flow Runs\CULVERT 010 _Q _ Invert TW_.hy8,186.5400,1.2456,1.1200,2.4100,5-S2n,No,C:\Temp\hy8\CULVERT 010 _02_00p_\HW _ US_h_ Q _ DS_h TW,186.7700,1.5011,1.3300,2.5700,7-M2c,No,C:\Temp\hy8\CULVERT 010 _02_00p_\HW_D _ 1_50_ Q _ Invert TW
CULVERT 010 (20.00p),20.00p,0.424,1,0.8999999999999773,Circle,Corrugated Steel,Straight,Thin Edge Projecting,0.9000,0.9000,22.3000,185.4190,184.9830,10.0000,235.4190,184.9823,186.0066,Success,,0.4200,185.9900,0.6344,1.9000,1-S2n,No,C:\Temp\hy8\CULVERT 010\Fixed Flow Runs\CULVERT 010 _Q _ DS_h TW _1_.hy8,0.4200,185.9900,0.6344,1.9000,1-S2n,No,C:\Temp\hy8\CULVERT 010\Fixed Flow Runs\CULVERT 010 _Q _ Invert TW_.hy8,186.0000,0.6456,0.4500,1.9300,1-S2n,No,C:\Temp\hy8\CULVERT 010 _20_00p_\HW _ US_h_ Q _ DS_h TW,186.7700,1.5011,1.3300,2.5700,7-M2c,No,C:\Temp\hy8\CULVERT 010 _20_00p_\HW_D _ 1_50_ Q _ Invert TW
CULVERT 011 (02.00p),02.00p,6.717,5,0.8999999999999773,Circle,Corrugated Steel,Straight,Thin Edge Projecting,0.9000,0.9000,39.4000,185.5080,184.9660,10.0000,235.5080,185.5069,186.8773,Success,,6.7200,186.8700,1.5133,2.5800,7-M2c,No,C:\Temp\hy8\CULVERT 011\Fixed Flow Runs\CULVERT 011 _Q _ DS_h TW _2_.hy8,6.7200,186.8700,1.5133,2.5800,7-M2c,No,C:\Temp\hy8\CULVERT 011\Fixed Flow Runs\CULVERT 011 _Q _ Invert TW_.hy8,185.8100,0.3356,0.6700,1.2100,1-S2n,No,C:\Temp\hy8\CULVERT 011 _02_00p_\HW _ US_h_ Q _ DS_h TW,186.8600,1.5022,6.6600,2.5700,7-M2c,No,C:\Temp\hy8\CULVERT 011 _02_00p_\HW_D _ 1_50_ Q _ Invert TW
CULVERT 011 (20.00p),20.00p,4.93,5,0.8999999999999773,Circle,Corrugated Steel,Straight,Thin Edge Projecting,0.9000,0.9000,39.4000,185.5080,184.9660,10.0000,235.5080,185.3855,186.3859,Success,,4.9300,186.5500,1.1578,2.2400,7-M2c,No,C:\Temp\hy8\CULVERT 011\Fixed Flow Runs\CULVERT 011 _Q _ DS_h TW _1_.hy8,4.9300,186.5500,1.1578,2.2400,7-M2c,No,C:\Temp\hy8\CULVERT 011\Fixed Flow Runs\CULVERT 011 _Q _ Invert TW_.hy8,186.3900,0.9800,3.6700,2.0100,2-M2c,No,C:\Temp\hy8\CULVERT 011 _20_00p_\HW _ US_h_ Q _ DS_h TW,186.8400,1.4800,6.5900,2.5600,7-M2c,No,C:\Temp\hy8\CULVERT 011 _20_00p_\HW_D _ 1_50_ Q _ Invert TW
CULVERT 012 (02.00p),02.00p,0.838,1,0.9000000000000057,Circle,Corrugated Steel,Straight,Thin Edge Projecting,0.9000,0.9000,28.3000,187.1980,187.0980,10.0000,237.1980,187.2366,188.1653,Success,,0.8400,188.1800,1.0911,2.1000,7-M2c,No,C:\Temp\hy8\CULVERT 012\Fixed Flow Runs\CULVERT 012 _Q _ DS_h TW _2_.hy8,0.8400,188.1800,1.0911,2.1000,7-M2c,No,C:\Temp\hy8\CULVERT 012\Fixed Flow Runs\CULVERT 012 _Q _ Invert TW_.hy8,188.1700,1.0800,0.8200,2.0900,7-M2c,No,C:\Temp\hy8\CULVERT 012 _02_00p_\HW _ US_h_ Q _ DS_h TW,188.5600,1.5133,1.1500,2.4000,7-M2c,No,C:\Temp\hy8\CULVERT 012 _02_00p_\HW_D _ 1_50_ Q _ Invert TW
CULVERT 012 (20.00p),20.00p,0.412,1,0.9000000000000057,Circle,Corrugated Steel,Straight,Thin Edge Projecting,0.9000,0.9000,28.3000,187.1980,187.0980,10.0000,237.1980,187.1941,187.8282,Success,,0.4100,187.8300,0.7022,1.6600,2-M2c,No,C:\Temp\hy8\CULVERT 012\Fixed Flow Runs\CULVERT 012 _Q _ DS_h TW _1_.hy8,0.4100,187.8300,0.7022,1.6600,2-M2c,No,C:\Temp\hy8\CULVERT 012\Fixed Flow Runs\CULVERT 012 _Q _ Invert TW_.hy8,187.8300,0.7022,0.4100,1.6600,2-M2c,No,C:\Temp\hy8\CULVERT 012 _20_00p_\HW _ US_h_ Q _ DS_h TW,188.5500,1.5022,1.1500,2.3900,7-M2c,No,C:\Temp\hy8\CULVERT 012 _20_00p_\HW_D _ 1_50_ Q _ Invert TW
CULVERT 012A (02.00p),02.00p,0.72,1,0.9000000000000057,Circle,Corrugated Steel,Straight,Thin Edge Projecting,0.9000,0.9000,32.7000,187.3620,187.1170,10.0000,237.3620,187.2463,188.2247,Success,,0.7200,188.2100,0.9422,1.9900,2-M2c,No,C:\Temp\hy8\CULVERT 012A\Fixed Flow Runs\CULVERT 012A _Q _ DS_h TW _2_.hy8,0.7200,188.2100,0.9422,1.9900,2-M2c,No,C:\Temp\hy8\CULVERT 012A\Fixed Flow Runs\CULVERT 012A _Q _ Invert TW_.hy8,188.2300,0.9644,0.7400,2.0100,2-M2c,No,C:\Temp\hy8\CULVERT 012A _02_00p_\HW _ US_h_ Q _ DS_h TW,188.7100,1.4978,1.2100,2.4500,7-M2c,No,C:\Temp\hy8\CULVERT 012A _02_00p_\HW_D _ 1_50_ Q _ Invert TW
CULVERT 012A (20.00p),20.00p,0.296,1,0.9000000000000057,Circle,Corrugated Steel,Straight,Thin Edge Projecting,0.9000,0.9000,32.7000,187.3620,187.1170,10.0000,237.3620,187.1958,187.9007,Success,,0.3000,187.8700,0.5644,1.5000,2-M2c,No,C:\Temp\hy8\CULVERT 012A\Fixed Flow Runs\CULVERT 012A _Q _ DS_h TW _1_.hy8,0.3000,187.8700,0.5644,1.5000,2-M2c,No,C:\Temp\hy8\CULVERT 012A\Fixed Flow Runs\CULVERT 012A _Q _ Invert TW_.hy8,187.9000,0.5978,0.3300,1.5500,2-M2c,No,C:\Temp\hy8\CULVERT 012A _20_00p_\HW _ US_h_ Q _ DS_h TW,188.7100,1.4978,1.2100,2.4500,7-M2c,No,C:\Temp\hy8\CULVERT 012A _20_00p_\HW_D _ 1_50_ Q _ Invert TW
CULVERT 013 (02.00p),02.00p,0.454,1,0.9000000000000057,Circle,Corrugated Steel,Straight,Thin Edge Projecting,0.9000,0.9000,36.8000,187.8200,187.6990,10.0000,237.8200,187.7555,188.5062,Success,,0.4500,188.5000,0.7556,1.7100,2-M2c,No,C:\Temp\hy8\CULVERT 013\Fixed Flow Runs\CULVERT 013 _Q _ DS_h TW _2_.hy8,0.4500,188.5000,0.7556,1.7100,2-M2c,No,C:\Temp\hy8\CULVERT 013\Fixed Flow Runs\CULVERT 013 _Q _ Invert TW_.hy8,188.5000,0.7556,0.4600,1.7200,2-M2c,No,C:\Temp\hy8\CULVERT 013 _02_00p_\HW _ US_h_ Q _ DS_h TW,189.1700,1.5000,1.0896,2.3400,7-M2c,No,C:\Temp\hy8\CULVERT 013 _02_00p_\HW_D _ 1_50_ Q _ Invert TW
CULVERT 013 (20.00p),20.00p,0.304,1,0.9000000000000057,Circle,Corrugated Steel,Straight,Thin Edge Projecting,0.9000,0.9000,36.8000,187.8200,187.6990,10.0000,237.8200,187.7319,188.3724,Success,,0.3000,188.3600,0.6000,1.5100,2-M2c,No,C:\Temp\hy8\CULVERT 013\Fixed Flow Runs\CULVERT 013 _Q _ DS_h TW _1_.hy8,0.3000,188.3600,0.6000,1.5100,2-M2c,No,C:\Temp\hy8\CULVERT 013\Fixed Flow Runs\CULVERT 013 _Q _ Invert TW_.hy8,188.3800,0.6222,0.3200,1.5400,2-M2c,No,C:\Temp\hy8\CULVERT 013 _20_00p_\HW _ US_h_ Q _ DS_h TW,189.1700,1.5000,1.0900,2.3400,7-M2c,No,C:\Temp\hy8\CULVERT 013 _20_00p_\HW_D _ 1_50_ Q _ Invert TW
CULVERT 014 (02.00p),02.00p,1.511,1,0.9000000000000057,Circle,Corrugated Steel,Straight,Thin Edge Projecting,0.9000,0.9000,24.5000,189.6340,189.3310,10.0000,239.6340,189.6638,191.2446,Success,,1.5100,191.2700,1.8178,2.7500,7-M2c,No,C:\Temp\hy8\CULVERT 014\Fixed Flow Runs\CULVERT 014 _Q _ DS_h TW _2_.hy8,1.5100,191.2700,1.8178,2.7500,7-M2c,No,C:\Temp\hy8\CULVERT 014\Fixed Flow Runs\CULVERT 014 _Q _ Invert TW_.hy8,191.2300,1.7733,1.5000,2.7400,7-M2c,No,C:\Temp\hy8\CULVERT 014 _02_00p_\HW _ US_h_ Q _ DS_h TW,190.9900,1.5067,1.3400,2.5700,7-M2c,No,C:\Temp\hy8\CULVERT 014 _02_00p_\HW_D _ 1_50_ Q _ Invert TW
CULVERT 014 (20.00p),20.00p,0.651,1,0.9000000000000057,Circle,Corrugated Steel,Straight,Thin Edge Projecting,0.9000,0.9000,24.5000,189.6340,189.3310,10.0000,239.6340,189.6132,190.3122,Success,,0.6500,190.4500,0.9067,1.9200,2-M2c,No,C:\Temp\hy8\CULVERT 014\Fixed Flow Runs\CULVERT 014 _Q _ DS_h TW _1_.hy8,0.6500,190.4500,0.9067,1.9200,2-M2c,No,C:\Temp\hy8\CULVERT 014\Fixed Flow Runs\CULVERT 014 _Q _ Invert TW_.hy8,190.3100,0.7511,0.4700,1.7300,2-M2c,No,C:\Temp\hy8\CULVERT 014 _20_00p_\HW _ US_h_ Q _ DS_h TW,190.9800,1.4956,1.3300,2.5700,7-M2c,No,C:\Temp\hy8\CULVERT 014 _20_00p_\HW_D _ 1_50_ Q _ Invert TW
CULVERT 015 (02.00p),02.00p,32.982,18,0.9000000000000057,Circle,Corrugated Steel,Straight,Thin Edge Projecting,0.9000,0.9000,34.1000,189.6000,189.4750,10.0000,239.6000,190.6398,192.4663,Success,,32.9800,192.6300,3.3667,2.8800,4-FFf,No,C:\Temp\hy8\CULVERT 015\Fixed Flow Runs\CULVERT 015 _Q _ DS_h TW _2_.hy8,32.9800,192.3100,3.0111,3.1100,7-M2c,No,C:\Temp\hy8\CULVERT 015\Fixed Flow Runs\CULVERT 015 _Q _ Invert TW_.hy8,192.4600,3.1778,31.5600,2.7600,4-FFf,No,C:\Temp\hy8\CULVERT 015 _02_00p_\HW _ US_h_ Q _ DS_h TW,190.9500,1.5000,20.0200,2.3600,7-M2c,No,C:\Temp\hy8\CULVERT 015 _02_00p_\HW_D _ 1_50_ Q _ Invert TW
CULVERT 015 (20.00p),20.00p,17.286,18,0.9000000000000057,Circle,Corrugated Steel,Straight,Thin Edge Projecting,0.9000,0.9000,34.1000,189.6000,189.4750,10.0000,239.6000,190.3976,190.8992,Success,,17.2900,190.9400,1.4889,1.5100,4-FFf,No,C:\Temp\hy8\CULVERT 015\Fixed Flow Runs\CULVERT 015 _Q _ DS_h TW _1_.hy8,17.2900,190.7300,1.2556,2.2200,7-M2c,No,C:\Temp\hy8\CULVERT 015\Fixed Flow Runs\CULVERT 015 _Q _ Invert TW_.hy8,190.9000,1.4444,16.6100,1.4500,4-FFf,No,C:\Temp\hy8\CULVERT 015 _20_00p_\HW _ US_h_ Q _ DS_h TW,190.9500,1.5000,20.0500,2.3600,7-M2c,No,C:\Temp\hy8\CULVERT 015 _20_00p_\HW_D _ 1_50_ Q _ Invert TW
CULVERT 016 (02.00p),02.00p,100.932,14,1.800000000000011,Circle,Corrugated Steel,Straight,Thin Edge Projecting,1.8000,1.8000,54.0000,191.1350,191.0610,10.0000,241.1350,192.4148,194.1507,Success,,100.9300,194.1100,1.6528,3.5100,7-M2t,No,C:\Temp\hy8\CULVERT 016\Fixed Flow Runs\CULVERT 016 _Q _ DS_h TW _2_.hy8,100.9300,194.1100,1.6528,3.5600,7-M2c,No,C:\Temp\hy8\CULVERT 016\Fixed Flow Runs\CULVERT 016 _Q _ Invert TW_.hy8,194.1500,1.6750,102.0700,3.5500,7-M2t,No,C:\Temp\hy8\CULVERT 016 _02_00p_\HW _ US_h_ Q _ DS_h TW,193.8400,1.5028,92.7700,3.4200,7-M2c,No,C:\Temp\hy8\CULVERT 016 _02_00p_\HW_D _ 1_50_ Q _ Invert TW
CULVERT 016 (20.00p),20.00p,97.36,14,1.800000000000011,Circle,Corrugated Steel,Straight,Thin Edge Projecting,1.8000,1.8000,54.0000,191.1350,191.0610,10.0000,241.1350,192.2204,193.2570,Success,,97.3600,193.9900,1.5861,3.5000,7-M2c,No,C:\Temp\hy8\CULVERT 016\Fixed Flow Runs\CULVERT 016 _Q _ DS_h TW _1_.hy8,97.3600,193.9900,1.5861,3.5000,7-M2c,No,C:\Temp\hy8\CULVERT 016\Fixed Flow Runs\CULVERT 016 _Q _ Invert TW_.hy8,193.2500,1.1750,72.4400,2.9900,3-M2t,No,C:\Temp\hy8\CULVERT 016 _20_00p_\HW _ US_h_ Q _ DS_h TW,193.8300,1.4972,92.4900,3.4100,7-M2c,No,C:\Temp\hy8\CULVERT 016 _20_00p_\HW_D _ 1_50_ Q _ Invert TW
CULVERT 017 (02.00p),02.00p,7.911,3,1.200000000000017,Circle,Corrugated Steel,Straight,Thin Edge Projecting,1.2000,1.2000,49.6000,192.0290,191.8430,10.0000,242.0290,192.5773,194.2323,Success,,7.9100,194.1700,1.7842,2.9100,7-M2c,No,C:\Temp\hy8\CULVERT 017\Fixed Flow Runs\CULVERT 017 _Q _ DS_h TW _2_.hy8,7.9100,194.1700,1.7842,2.9100,7-M2c,No,C:\Temp\hy8\CULVERT 017\Fixed Flow Runs\CULVERT 017 _Q _ Invert TW_.hy8,194.2400,1.8425,8.0700,2.9400,7-M2c,No,C:\Temp\hy8\CULVERT 017 _02_00p_\HW _ US_h_ Q _ DS_h TW,193.8300,1.5008,6.9300,2.7400,7-M2c,No,C:\Temp\hy8\CULVERT 017 _02_00p_\HW_D _ 1_50_ Q _ Invert TW
CULVERT 017 (20.00p),20.00p,5.009,3,1.200000000000017,Circle,Corrugated Steel,Straight,Thin Edge Projecting,1.2000,1.2000,49.6000,192.0290,191.8430,10.0000,242.0290,192.1028,193.3079,Success,,5.0100,193.3200,1.0758,2.4000,7-M2c,No,C:\Temp\hy8\CULVERT 017\Fixed Flow Runs\CULVERT 017 _Q _ DS_h TW _1_.hy8,5.0100,193.3200,1.0758,2.4000,7-M2c,No,C:\Temp\hy8\CULVERT 017\Fixed Flow Runs\CULVERT 017 _Q _ Invert TW_.hy8,193.3000,1.0592,4.9400,2.3900,7-M2c,No,C:\Temp\hy8\CULVERT 017 _20_00p_\HW _ US_h_ Q _ DS_h TW,193.8200,1.4925,6.9200,2.7400,7-M2c,No,C:\Temp\hy8\CULVERT 017 _20_00p_\HW_D _ 1_50_ Q _ Invert TW
CULVERT 018 (02.00p),02.00p,2.569,2,0.9000000000000057,Circle,Corrugated Steel,Straight,Thin Edge Projecting,0.9000,0.9000,31.1000,196.1490,195.9310,10.0000,246.1490,197.3248,197.3253,Success,,2.5700,198.2500,2.3344,2.0200,4-FFf,No,C:\Temp\hy8\CULVERT 018\Fixed Flow Runs\CULVERT 018 _Q _ DS_h TW _2_.hy8,2.5700,197.6300,1.6456,2.5200,7-M2c,No,C:\Temp\hy8\CULVERT 018\Fixed Flow Runs\CULVERT 018 _Q _ Invert TW_.hy8,197.3200,1.3011,0.0300,0.0200,4-FFf,No,C:\Temp\hy8\CULVERT 018 _02_00p_\HW _ US_h_ Q _ DS_h TW,197.5000,1.5011,2.4100,2.4500,7-M2c,No,C:\Temp\hy8\CULVERT 018 _02_00p_\HW_D _ 1_50_ Q _ Invert TW
CULVERT 018 (20.00p),20.00p,1.498,2,0.9000000000000057,Circle,Corrugated Steel,Straight,Thin Edge Projecting,0.9000,0.9000,31.1000,196.1490,195.9310,10.0000,246.1490,196.7440,196.9091,Success,,1.5000,197.0700,1.0233,1.2400,7-M1t,No,C:\Temp\hy8\CULVERT 018\Fixed Flow Runs\CULVERT 018 _Q _ DS_h TW _1_.hy8,1.5000,197.0200,0.9678,2.0200,2-M2c,No,C:\Temp\hy8\CULVERT 018\Fixed Flow Runs\CULVERT 018 _Q _ Invert TW_.hy8,196.9000,0.8344,0.9900,0.8200,3-M1t,No,C:\Temp\hy8\CULVERT 018 _20_00p_\HW _ US_h_ Q _ DS_h TW,197.5000,1.5011,2.4100,2.4500,7-M2c,No,C:\Temp\hy8\CULVERT 018 _20_00p_\HW_D _ 1_50_ Q _ Invert TW
CULVERT 018A,02.00p,0.385,1,0.9000000000000057,,,,,,,,,,,,,,Failed,Unable to bracket the requested headwater.,,,,,,,,,,,,,,,,,,,,,,,,,,,,
CULVERT 018A,20.00p,0.175,1,0.9000000000000057,,,,,,,,,,,,,,Failed,Unable to bracket the requested headwater.,,,,,,,,,,,,,,,,,,,,,,,,,,,,
CULVERT 019 (02.00p),02.00p,0.282,1,0.9000000000000057,Circle,Corrugated Steel,Straight,Thin Edge Projecting,0.9000,0.9000,39.7000,200.9630,200.7350,10.0000,250.9630,200.8802,201.3991,Success,,0.2800,201.4600,0.5522,1.4800,2-M2c,No,C:\Temp\hy8\CULVERT 019\Fixed Flow Runs\CULVERT 019 _Q _ DS_h TW _2_.hy8,0.2800,201.4600,0.5522,1.4800,2-M2c,No,C:\Temp\hy8\CULVERT 019\Fixed Flow Runs\CULVERT 019 _Q _ Invert TW_.hy8,201.4000,0.4856,0.2200,1.3900,2-M2c,No,C:\Temp\hy8\CULVERT 019 _02_00p_\HW _ US_h_ Q _ DS_h TW,202.3100,1.4967,1.1300,2.3800,7-M2c,No,C:\Temp\hy8\CULVERT 019 _02_00p_\HW_D _ 1_50_ Q _ Invert TW
CULVERT 019 (20.00p),20.00p,0.173,1,0.9000000000000057,Circle,Corrugated Steel,Straight,Thin Edge Projecting,0.9000,0.9000,39.7000,200.9630,200.7350,10.0000,250.9630,200.8328,201.3001,Success,,0.1700,201.3500,0.4300,1.2900,2-M2c,No,C:\Temp\hy8\CULVERT 019\Fixed Flow Runs\CULVERT 019 _Q _ DS_h TW _1_.hy8,0.1700,201.3500,0.4300,1.2900,2-M2c,No,C:\Temp\hy8\CULVERT 019\Fixed Flow Runs\CULVERT 019 _Q _ Invert TW_.hy8,201.3200,0.3967,0.0000,0.0100,3-M1t,No,C:\Temp\hy8\CULVERT 019 _20_00p_\HW _ US_h_ Q _ DS_h TW,202.3100,1.4967,1.1300,2.3800,7-M2c,No,C:\Temp\hy8\CULVERT 019 _20_00p_\HW_D _ 1_50_ Q _ Invert TW
CULVERT 020 (02.00p),02.00p,1.208,1,0.9000000000000057,Circle,Corrugated Steel,Straight,Thin Edge Projecting,0.9000,0.9000,34.7000,205.0310,204.6850,10.0000,255.0310,205.0392,206.0366,Success,,1.2100,206.3000,1.4100,2.4500,7-M2c,No,C:\Temp\hy8\CULVERT 020\Fixed Flow Runs\CULVERT 020 _Q _ DS_h TW _2_.hy8,1.2100,206.3000,1.4100,2.4500,7-M2c,No,C:\Temp\hy8\CULVERT 020\Fixed Flow Runs\CULVERT 020 _Q _ Invert TW_.hy8,206.0400,1.1211,0.9500,2.2100,7-M2c,No,C:\Temp\hy8\CULVERT 020 _02_00p_\HW _ US_h_ Q _ DS_h TW,206.3700,1.4878,1.2500,2.4900,7-M2c,No,C:\Temp\hy8\CULVERT 020 _02_00p_\HW_D _ 1_50_ Q _ Invert TW
CULVERT 020 (20.00p),20.00p,0.673,1,0.9000000000000057,Circle,Corrugated Steel,Straight,Thin Edge Projecting,0.9000,0.9000,34.7000,205.0310,204.6850,10.0000,255.0310,204.9989,205.7211,Success,,0.6700,205.8500,0.9100,1.9400,2-M2c,No,C:\Temp\hy8\CULVERT 020\Fixed Flow Runs\CULVERT 020 _Q _ DS_h TW _1_.hy8,0.6700,205.8500,0.9100,1.9400,2-M2c,No,C:\Temp\hy8\CULVERT 020\Fixed Flow Runs\CULVERT 020 _Q _ Invert TW_.hy8,205.7200,0.7656,0.5100,1.7700,2-M2c,No,C:\Temp\hy8\CULVERT 020 _20_00p_\HW _ US_h_ Q _ DS_h TW,206.3900,1.5100,1.2600,2.5000,7-M2c,No,C:\Temp\hy8\CULVERT 020 _20_00p_\HW_D _ 1_50_ Q _ Invert TW
CULVERT 021 (02.00p),02.00p,0.754,1,0.9000000000000057,Circle,Corrugated Steel,Straight,Thin Edge Projecting,0.9000,0.9000,37.0000,207.7190,207.6260,10.0000,257.7190,208.3155,208.4964,Success,,0.7500,208.7000,1.0900,1.4400,3-M2t,No,C:\Temp\hy8\CULVERT 021\Fixed Flow Runs\CULVERT 021 _Q _ DS_h TW _2_.hy8,0.7500,208.6700,1.0567,2.0200,7-M2c,No,C:\Temp\hy8\CULVERT 021\Fixed Flow Runs\CULVERT 021 _Q _ Invert TW_.hy8,208.4900,0.8567,0.4800,0.9100,3-M2t,No,C:\Temp\hy8\CULVERT 021 _02_00p_\HW _ US_h_ Q _ DS_h TW,209.0700,1.5011,1.0700,2.3200,7-M2c,No,C:\Temp\hy8\CULVERT 021 _02_00p_\HW_D _ 1_50_ Q _ Invert TW
CULVERT 021 (20.00p),20.00p,0.171,1,0.9000000000000057,Circle,Corrugated Steel,Straight,Thin Edge Projecting,0.9000,0.9000,37.0000,207.7190,207.6260,10.0000,257.7190,207.8813,208.0541,Success,,0.1700,208.1200,0.4456,1.1500,3-M2t,No,C:\Temp\hy8\CULVERT 021\Fixed Flow Runs\CULVERT 021 _Q _ DS_h TW _1_.hy8,0.1700,208.1200,0.4456,1.2800,2-M2c,No,C:\Temp\hy8\CULVERT 021\Fixed Flow Runs\CULVERT 021 _Q _ Invert TW_.hy8,208.0800,0.4011,0.0000,0.0000,3-M1t,No,C:\Temp\hy8\CULVERT 021 _20_00p_\HW _ US_h_ Q _ DS_h TW,209.0600,1.4900,1.0600,2.3200,7-M2c,No,C:\Temp\hy8\CULVERT 021 _20_00p_\HW_D _ 1_50_ Q _ Invert TW
CULVERT 022 (02.00p),02.00p,10.643,3,1.5,Circle,Corrugated Steel,Straight,Thin Edge Projecting,1.5000,1.5000,30.8000,209.5750,209.1590,10.0000,259.5750,210.0409,211.0424,Success,,10.6400,211.3500,1.1833,2.9000,7-M2c,No,C:\Temp\hy8\CULVERT 022\Fixed Flow Runs\CULVERT 022 _Q _ DS_h TW _2_.hy8,10.6400,211.3500,1.1833,2.9000,7-M2c,No,C:\Temp\hy8\CULVERT 022\Fixed Flow Runs\CULVERT 022 _Q _ Invert TW_.hy8,211.0200,0.9633,8.7400,2.6900,1-S2n,No,C:\Temp\hy8\CULVERT 022 _02_00p_\HW _ US_h_ Q _ DS_h TW,209.7600,0.1233,0.1600,0.8700,2-M2c,No,C:\Temp\hy8\CULVERT 022 _02_00p_\HW_D _ 1_50_ Q _ Invert TW
CULVERT 022 (20.00p),20.00p,8.315,3,1.5,Circle,Corrugated Steel,Straight,Thin Edge Projecting,1.5000,1.5000,30.8000,209.5750,209.1590,10.0000,259.5750,209.6671,210.8961,Success,,8.3200,210.9700,0.9300,2.6600,1-S2n,No,C:\Temp\hy8\CULVERT 022\Fixed Flow Runs\CULVERT 022 _Q _ DS_h TW _1_.hy8,8.3200,210.9700,0.9300,2.6600,1-S2n,No,C:\Temp\hy8\CULVERT 022\Fixed Flow Runs\CULVERT 022 _Q _ Invert TW_.hy8,210.8900,0.8767,7.6800,2.6100,1-S2n,No,C:\Temp\hy8\CULVERT 022 _20_00p_\HW _ US_h_ Q _ DS_h TW,209.7400,0.1100,0.1200,0.8100,2-M2c,No,C:\Temp\hy8\CULVERT 022 _20_00p_\HW_D _ 1_50_ Q _ Invert TW
CULVERT 023,02.00p,3.46,2,1.800000000000011,,,,,,,,,,,,,,Failed,Unable to bracket the requested headwater.,,,,,,,,,,,,,,,,,,,,,,,,,,,,
CULVERT 023,20.00p,2.669,2,1.800000000000011,,,,,,,,,,,,,,Failed,Unable to bracket the requested headwater.,,,,,,,,,,,,,,,,,,,,,,,,,,,,
CULVERT 025 (02.00p),02.00p,10.628,2,1.5,Circle,Corrugated Steel,Straight,Thin Edge Projecting,1.5000,1.5000,28.9000,220.3500,219.9620,10.0000,270.3500,220.2613,222.7108,Success,,10.6300,222.8900,1.6933,3.5100,7-M2c,No,C:\Temp\hy8\CULVERT 025\Fixed Flow Runs\CULVERT 025 _Q _ DS_h TW _2_.hy8,10.6300,222.8900,1.6933,3.5100,7-M2c,No,C:\Temp\hy8\CULVERT 025\Fixed Flow Runs\CULVERT 025 _Q _ Invert TW_.hy8,222.7100,1.5733,9.9700,3.3900,7-M2c,No,C:\Temp\hy8\CULVERT 025 _02_00p_\HW _ US_h_ Q _ DS_h TW,222.6000,1.5000,9.5652,3.3200,7-M2c,No,C:\Temp\hy8\CULVERT 025 _02_00p_\HW_D _ 1_50_ Q _ Invert TW
CULVERT 025 (20.00p),20.00p,8.231,2,1.5,Circle,Corrugated Steel,Straight,Thin Edge Projecting,1.5000,1.5000,28.9000,220.3500,219.9620,10.0000,270.3500,220.1987,222.1418,Success,,8.2300,222.2800,1.2867,3.0900,7-M2c,No,C:\Temp\hy8\CULVERT 025\Fixed Flow Runs\CULVERT 025 _Q _ DS_h TW _1_.hy8,8.2300,222.2800,1.2867,3.0900,7-M2c,No,C:\Temp\hy8\CULVERT 025\Fixed Flow Runs\CULVERT 025 _Q _ Invert TW_.hy8,222.1400,1.1933,7.2700,2.9300,7-M2c,No,C:\Temp\hy8\CULVERT 025 _20_00p_\HW _ US_h_ Q _ DS_h TW,222.6000,1.5000,9.5600,3.3200,7-M2c,No,C:\Temp\hy8\CULVERT 025 _20_00p_\HW_D _ 1_50_ Q _ Invert TW
CULVERT 026 (02.00p),02.00p,6.591,3,1.199999999999989,Circle,Corrugated Steel,Straight,Thin Edge Projecting,1.2000,1.2000,30.3000,221.4110,220.9880,10.0000,271.4110,221.3585,222.8081,Success,,6.5900,222.8900,1.2325,2.6800,7-M2c,No,C:\Temp\hy8\CULVERT 026\Fixed Flow Runs\CULVERT 026 _Q _ DS_h TW _2_.hy8,6.5900,222.8900,1.2325,2.6800,7-M2c,No,C:\Temp\hy8\CULVERT 026\Fixed Flow Runs\CULVERT 026 _Q _ Invert TW_.hy8,221.7700,0.2992,0.6600,0.7400,1-JS1t,No,C:\Temp\hy8\CULVERT 026 _02_00p_\HW _ US_h_ Q _ DS_h TW,223.2100,1.4992,8.2000,2.9700,7-M2c,No,C:\Temp\hy8\CULVERT 026 _02_00p_\HW_D _ 1_50_ Q _ Invert TW
CULVERT 026 (20.00p),20.00p,3.143,3,1.199999999999989,Circle,Corrugated Steel,Straight,Thin Edge Projecting,1.2000,1.2000,30.3000,221.4110,220.9880,10.0000,271.4110,221.2559,222.2057,Success,,3.1400,222.2600,0.7075,2.1100,1-S2n,No,C:\Temp\hy8\CULVERT 026\Fixed Flow Runs\CULVERT 026 _Q _ DS_h TW _1_.hy8,3.1400,222.2600,0.7075,2.1100,1-S2n,No,C:\Temp\hy8\CULVERT 026\Fixed Flow Runs\CULVERT 026 _Q _ Invert TW_.hy8,222.2100,0.6658,2.8300,2.0500,1-S2n,No,C:\Temp\hy8\CULVERT 026 _20_00p_\HW _ US_h_ Q _ DS_h TW,223.2100,1.4992,8.2100,2.9700,7-M2c,No,C:\Temp\hy8\CULVERT 026 _20_00p_\HW_D _ 1_50_ Q _ Invert TW
CULVERT 027 (02.00p),02.00p,4.556,2,1.200000000000017,Circle,Corrugated Steel,Straight,Thin Edge Projecting,1.2000,1.2000,32.1000,221.3200,221.0520,10.0000,271.3200,221.6007,222.9362,Success,,4.5600,222.8400,1.2667,2.7200,7-M2c,No,C:\Temp\hy8\CULVERT 027\Fixed Flow Runs\CULVERT 027 _Q _ DS_h TW _2_.hy8,4.5600,222.8400,1.2667,2.7200,7-M2c,No,C:\Temp\hy8\CULVERT 027\Fixed Flow Runs\CULVERT 027 _Q _ Invert TW_.hy8,222.9300,1.3417,4.8700,2.8100,7-M2c,No,C:\Temp\hy8\CULVERT 027 _02_00p_\HW _ US_h_ Q _ DS_h TW,223.1200,1.5000,5.3300,2.9300,7-M2c,No,C:\Temp\hy8\CULVERT 027 _02_00p_\HW_D _ 1_50_ Q _ Invert TW
CULVERT 027 (20.00p),20.00p,3.837,2,1.200000000000017,Circle,Corrugated Steel,Straight,Thin Edge Projecting,1.2000,1.2000,32.1000,221.3200,221.0520,10.0000,271.3200,221.5665,222.4503,Success,,3.8400,222.6500,1.1083,2.5400,7-M2c,No,C:\Temp\hy8\CULVERT 027\Fixed Flow Runs\CULVERT 027 _Q _ DS_h TW _1_.hy8,3.8400,222.6500,1.1083,2.5400,7-M2c,No,C:\Temp\hy8\CULVERT 027\Fixed Flow Runs\CULVERT 027 _Q _ Invert TW_.hy8,222.4500,0.9417,2.9700,2.3000,2-M2c,No,C:\Temp\hy8\CULVERT 027 _20_00p_\HW _ US_h_ Q _ DS_h TW,223.1100,1.4917,5.3100,2.9200,7-M2c,No,C:\Temp\hy8\CULVERT 027 _20_00p_\HW_D _ 1_50_ Q _ Invert TW
CULVERT 029,02.00p,0.138,1,0.9000000000000057,,,,,,,,,,,,,,Failed,Unable to bracket the requested headwater.,,,,,,,,,,,,,,,,,,,,,,,,,,,,
CULVERT 029,20.00p,0.081,1,0.9000000000000057,,,,,,,,,,,,,,Failed,Unable to bracket the requested headwater.,,,,,,,,,,,,,,,,,,,,,,,,,,,,
CULVERT 030 (02.00p),02.00p,91.297,25,1.5,Circle,Corrugated Steel,Straight,Thin Edge Projecting,1.5000,1.5000,56.0000,228.0000,227.7100,10.0000,278.0000,230.3257,231.1593,Success,,91.3000,231.2500,2.1667,2.0700,4-FFf,No,C:\Temp\hy8\CULVERT 030\Fixed Flow Runs\CULVERT 030 _Q _ DS_h TW _2_.hy8,91.3000,229.8400,1.2267,2.9300,7-M2c,No,C:\Temp\hy8\CULVERT 030\Fixed Flow Runs\CULVERT 030 _Q _ Invert TW_.hy8,231.1600,2.1067,86.7000,1.9600,4-FFf,No,C:\Temp\hy8\CULVERT 030 _02_00p_\HW _ US_h_ Q _ DS_h TW,230.2500,1.5000,107.7300,3.1600,7-M2c,No,C:\Temp\hy8\CULVERT 030 _02_00p_\HW_D _ 1_50_ Q _ Invert TW
CULVERT 030 (20.00p),20.00p,69.096,25,1.5,Circle,Corrugated Steel,Straight,Thin Edge Projecting,1.5000,1.5000,56.0000,228.0000,227.7100,10.0000,278.0000,229.6181,230.0974,Success,,69.1000,230.1400,1.4267,1.5600,4-FFf,No,C:\Temp\hy8\CULVERT 030\Fixed Flow Runs\CULVERT 030 _Q _ DS_h TW _1_.hy8,69.1000,229.5000,1.0000,2.6300,2-M2c,No,C:\Temp\hy8\CULVERT 030\Fixed Flow Runs\CULVERT 030 _Q _ Invert TW_.hy8,230.1000,1.4000,66.0600,1.5000,4-FFf,No,C:\Temp\hy8\CULVERT 030 _20_00p_\HW _ US_h_ Q _ DS_h TW,230.2500,1.5000,107.7900,3.1600,7-M2c,No,C:\Temp\hy8\CULVERT 030 _20_00p_\HW_D _ 1_50_ Q _ Invert TW
CULVERT 030A (02.00p),02.00p,1.606,1,0.9000000000000057,Circle,Corrugated Steel,Straight,Thin Edge Projecting,0.9000,0.9000,30.1000,230.9750,230.4770,10.0000,280.9750,231.8631,233.1236,Success,,1.6100,233.2800,2.5611,2.5200,4-FFf,No,C:\Temp\hy8\CULVERT 030A\Fixed Flow Runs\CULVERT 030A _Q _ DS_h TW _2_.hy8,1.6100,232.7100,1.9278,2.8500,7-M2c,No,C:\Temp\hy8\CULVERT 030A\Fixed Flow Runs\CULVERT 030A _Q _ Invert TW_.hy8,233.1200,2.3833,1.5100,2.3800,4-FFf,No,C:\Temp\hy8\CULVERT 030A _02_00p_\HW _ US_h_ Q _ DS_h TW,232.3200,1.4944,1.3300,2.5700,7-M2c,No,C:\Temp\hy8\CULVERT 030A _02_00p_\HW_D _ 1_50_ Q _ Invert TW
CULVERT 030A (20.00p),20.00p,0.896,1,0.9000000000000057,Circle,Corrugated Steel,Straight,Thin Edge Projecting,0.9000,0.9000,30.1000,230.9750,230.4770,10.0000,280.9750,231.2261,231.7992,Success,,0.9000,231.9900,1.1278,1.5800,7-M1t,No,C:\Temp\hy8\CULVERT 030A\Fixed Flow Runs\CULVERT 030A _Q _ DS_h TW _1_.hy8,0.9000,231.9800,1.1167,2.1600,7-M2c,No,C:\Temp\hy8\CULVERT 030A\Fixed Flow Runs\CULVERT 030A _Q _ Invert TW_.hy8,231.8000,0.9167,0.7600,1.3400,1-JS1t,No,C:\Temp\hy8\CULVERT 030A _20_00p_\HW _ US_h_ Q _ DS_h TW,232.3300,1.5056,1.3400,2.5800,7-M2c,No,C:\Temp\hy8\CULVERT 030A _20_00p_\HW_D _ 1_50_ Q _ Invert TW
CULVERT 031 (02.00p),02.00p,118.916,25,1.5,Circle,Corrugated Steel,Straight,Thin Edge Projecting,1.5000,1.5000,42.0000,230.0680,229.3940,10.0000,280.0680,232.1805,233.3791,Success,,118.9200,233.5300,2.3080,2.6900,4-FFf,No,C:\Temp\hy8\CULVERT 031\Fixed Flow Runs\CULVERT 031 _Q _ DS_h TW _2_.hy8,118.9200,232.3000,1.4880,3.3100,7-M2c,No,C:\Temp\hy8\CULVERT 031\Fixed Flow Runs\CULVERT 031 _Q _ Invert TW_.hy8,233.3700,2.2013,112.0100,2.5400,4-FFf,No,C:\Temp\hy8\CULVERT 031 _02_00p_\HW _ US_h_ Q _ DS_h TW,232.3200,1.5013,119.7400,3.3200,7-M2c,No,C:\Temp\hy8\CULVERT 031 _02_00p_\HW_D _ 1_50_ Q _ Invert TW
CULVERT 031 (20.00p),20.00p,79.042,25,1.5,Circle,Corrugated Steel,Straight,Thin Edge Projecting,1.5000,1.5000,42.0000,230.0680,229.3940,10.0000,280.0680,231.5923,232.1239,Success,,79.0400,232.1900,1.4147,1.7900,4-FFf,No,C:\Temp\hy8\CULVERT 031\Fixed Flow Runs\CULVERT 031 _Q _ DS_h TW _1_.hy8,79.0400,231.6000,1.0213,2.9300,5-S2n,No,C:\Temp\hy8\CULVERT 031\Fixed Flow Runs\CULVERT 031 _Q _ Invert TW_.hy8,232.1200,1.3680,74.4300,1.6800,4-FFf,No,C:\Temp\hy8\CULVERT 031 _20_00p_\HW _ US_h_ Q _ DS_h TW,232.3200,1.5013,119.8600,3.3200,7-M2c,No,C:\Temp\hy8\CULVERT 031 _20_00p_\HW_D _ 1_50_ Q _ Invert TW
CULVERT 033 (02.00p),02.00p,7.35,4,0.9000000000000057,Circle,Corrugated Steel,Straight,Thin Edge Projecting,0.9000,0.9000,36.7000,235.0520,234.7750,10.0000,285.0520,235.8535,237.6040,Success,,7.3500,237.9400,3.2089,2.8900,4-FFf,No,C:\Temp\hy8\CULVERT 033\Fixed Flow Runs\CULVERT 033 _Q _ DS_h TW _2_.hy8,7.3500,237.7100,2.9533,3.1100,7-M2c,No,C:\Temp\hy8\CULVERT 033\Fixed Flow Runs\CULVERT 033 _Q _ Invert TW_.hy8,237.6000,2.8311,6.7200,2.6400,4-FFf,No,C:\Temp\hy8\CULVERT 033 _02_00p_\HW _ US_h_ Q _ DS_h TW,236.4000,1.4978,4.7600,2.4300,7-M2c,No,C:\Temp\hy8\CULVERT 033 _02_00p_\HW_D _ 1_50_ Q _ Invert TW
CULVERT 033 (20.00p),20.00p,4.74,4,0.9000000000000057,Circle,Corrugated Steel,Straight,Thin Edge Projecting,0.9000,0.9000,36.7000,235.0520,234.7750,10.0000,285.0520,235.2988,236.3462,Success,,4.7400,236.3900,1.4867,2.4300,7-M2c,No,C:\Temp\hy8\CULVERT 033\Fixed Flow Runs\CULVERT 033 _Q _ DS_h TW _1_.hy8,4.7400,236.3900,1.4867,2.4300,7-M2c,No,C:\Temp\hy8\CULVERT 033\Fixed Flow Runs\CULVERT 033 _Q _ Invert TW_.hy8,236.3500,1.4422,4.6300,2.4000,7-M2c,No,C:\Temp\hy8\CULVERT 033 _20_00p_\HW _ US_h_ Q _ DS_h TW,236.4000,1.4978,4.7700,2.4400,7-M2c,No,C:\Temp\hy8\CULVERT 033 _20_00p_\HW_D _ 1_50_ Q _ Invert TW
CULVERT 034 (02.00p),02.00p,0.942,1,0.8999999999999773,Circle,Corrugated Steel,Straight,Thin Edge Projecting,0.9000,0.9000,37.3000,239.2110,238.5330,10.0000,289.2110,238.9007,240.0652,Success,,0.9400,240.1800,1.0767,2.2600,5-S2n,No,C:\Temp\hy8\CULVERT 034\Fixed Flow Runs\CULVERT 034 _Q _ DS_h TW _2_.hy8,0.9400,240.1800,1.0767,2.2600,5-S2n,No,C:\Temp\hy8\CULVERT 034\Fixed Flow Runs\CULVERT 034 _Q _ Invert TW_.hy8,239.4600,0.2767,0.0900,0.3800,1-JS1t,No,C:\Temp\hy8\CULVERT 034 _02_00p_\HW _ US_h_ Q _ DS_h TW,240.5600,1.4989,1.3400,2.5800,7-M2c,No,C:\Temp\hy8\CULVERT 034 _02_00p_\HW_D _ 1_50_ Q _ Invert TW
CULVERT 034 (20.00p),20.00p,0.456,1,0.8999999999999773,Circle,Corrugated Steel,Straight,Thin Edge Projecting,0.9000,0.9000,37.3000,239.2110,238.5330,10.0000,289.2110,238.6816,239.7731,Success,,0.4600,239.8000,0.6544,1.8900,1-S2n,No,C:\Temp\hy8\CULVERT 034\Fixed Flow Runs\CULVERT 034 _Q _ DS_h TW _1_.hy8,0.4600,239.8000,0.6544,1.8900,1-S2n,No,C:\Temp\hy8\CULVERT 034\Fixed Flow Runs\CULVERT 034 _Q _ Invert TW_.hy8,239.7700,0.6211,0.4200,1.8500,1-S2n,No,C:\Temp\hy8\CULVERT 034 _20_00p_\HW _ US_h_ Q _ DS_h TW,240.5600,1.4989,1.3400,2.5700,7-M2c,No,C:\Temp\hy8\CULVERT 034 _20_00p_\HW_D _ 1_50_ Q _ Invert TW
CULVERT 035 (02.00p),02.00p,6.123,4,0.8999999999999773,Circle,Corrugated Steel,Straight,Thin Edge Projecting,0.9000,0.9000,49.3000,239.6510,238.9400,10.0000,289.6510,240.5565,241.5738,Success,,6.1200,242.3100,2.9544,2.4100,4-FFf,No,C:\Temp\hy8\CULVERT 035\Fixed Flow Runs\CULVERT 035 _Q _ DS_h TW _2_.hy8,6.1200,241.5000,2.0544,2.7700,7-M2c,No,C:\Temp\hy8\CULVERT 035\Fixed Flow Runs\CULVERT 035 _Q _ Invert TW_.hy8,241.5700,2.1322,4.6500,1.8300,4-FFf,No,C:\Temp\hy8\CULVERT 035 _02_00p_\HW _ US_h_ Q _ DS_h TW,240.9600,1.4544,5.2100,2.5400,7-M2c,No,C:\Temp\hy8\CULVERT 035 _02_00p_\HW_D _ 1_50_ Q _ Invert TW
CULVERT 035 (20.00p),20.00p,4.575,4,0.8999999999999773,Circle,Corrugated Steel,Straight,Thin Edge Projecting,0.9000,0.9000,49.3000,239.6510,238.9400,10.0000,289.6510,240.0096,240.6201,Success,,4.5700,240.9900,1.4878,1.8000,4-FFf,No,C:\Temp\hy8\CULVERT 035\Fixed Flow Runs\CULVERT 035 _Q _ DS_h TW _1_.hy8,4.5700,240.8000,1.2767,2.3900,7-M2c,No,C:\Temp\hy8\CULVERT 035\Fixed Flow Runs\CULVERT 035 _Q _ Invert TW_.hy8,240.6200,1.0767,3.5200,1.3800,3-M1f,No,C:\Temp\hy8\CULVERT 035 _20_00p_\HW _ US_h_ Q _ DS_h TW,240.9700,1.4656,5.2400,2.5500,7-M2c,No,C:\Temp\hy8\CULVERT 035 _20_00p_\HW_D _ 1_50_ Q _ Invert TW
CULVERT 036 (02.00p),02.00p,8.993,6,0.8999999999999773,Circle,Corrugated Steel,Straight,Thin Edge Projecting,0.9000,0.9000,39.1000,240.3180,239.5080,10.0000,290.3180,240.8885,242.0396,Success,,8.9900,242.3300,2.2356,2.3600,4-FFf,No,C:\Temp\hy8\CULVERT 036\Fixed Flow Runs\CULVERT 036 _Q _ DS_h TW _2_.hy8,8.9900,241.8600,1.7133,2.7400,7-M2c,No,C:\Temp\hy8\CULVERT 036\Fixed Flow Runs\CULVERT 036 _Q _ Invert TW_.hy8,242.0400,1.9133,8.0200,2.1000,4-FFf,No,C:\Temp\hy8\CULVERT 036 _02_00p_\HW _ US_h_ Q _ DS_h TW,241.6700,1.5022,8.0300,2.5800,7-M2c,No,C:\Temp\hy8\CULVERT 036 _02_00p_\HW_D _ 1_50_ Q _ Invert TW
CULVERT 036 (20.00p),20.00p,5.751,6,0.8999999999999773,Circle,Corrugated Steel,Straight,Thin Edge Projecting,0.9000,0.9000,39.1000,240.3180,239.5080,10.0000,290.3180,240.3252,241.1793,Success,,5.7500,241.3000,1.0911,1.5800,5-JS1t,No,C:\Temp\hy8\CULVERT 036\Fixed Flow Runs\CULVERT 036 _Q _ DS_h TW _1_.hy8,5.7500,241.3000,1.0911,2.3900,5-S2n,No,C:\Temp\hy8\CULVERT 036\Fixed Flow Runs\CULVERT 036 _Q _ Invert TW_.hy8,241.1700,0.9467,4.8200,1.3200,1-JS1t,No,C:\Temp\hy8\CULVERT 036 _20_00p_\HW _ US_h_ Q _ DS_h TW,241.6700,1.5022,8.0400,2.5800,7-M2c,No,C:\Temp\hy8\CULVERT 036 _20_00p_\HW_D _ 1_50_ Q _ Invert TW
CULVERT 037 (02.00p),02.00p,1.478,1,0.9000000000000057,Circle,Corrugated Steel,Straight,Thin Edge Projecting,0.9000,0.9000,38.2000,241.0000,240.4000,10.0000,291.0000,240.8992,242.5807,Success,,1.4800,242.5600,1.7333,2.7200,7-M2c,No,C:\Temp\hy8\CULVERT 037\Fixed Flow Runs\CULVERT 037 _Q _ DS_h TW _2_.hy8,1.4800,242.5600,1.7333,2.7200,7-M2c,No,C:\Temp\hy8\CULVERT 037\Fixed Flow Runs\CULVERT 037 _Q _ Invert TW_.hy8,242.5900,1.7667,1.4900,2.7300,7-M2c,No,C:\Temp\hy8\CULVERT 037 _02_00p_\HW _ US_h_ Q _ DS_h TW,242.3500,1.5000,1.3400,2.5800,7-M2c,No,C:\Temp\hy8\CULVERT 037 _02_00p_\HW_D _ 1_50_ Q _ Invert TW
CULVERT 037 (20.00p),20.00p,1.359,1,0.9000000000000057,Circle,Corrugated Steel,Straight,Thin Edge Projecting,0.9000,0.9000,38.2000,241.0000,240.4000,10.0000,291.0000,240.3990,242.3838,Success,,1.3600,242.3800,1.5333,2.6000,7-M2c,No,C:\Temp\hy8\CULVERT 037\Fixed Flow Runs\CULVERT 037 _Q _ DS_h TW _1_.hy8,1.3600,242.3800,1.5333,2.6000,7-M2c,No,C:\Temp\hy8\CULVERT 037\Fixed Flow Runs\CULVERT 037 _Q _ Invert TW_.hy8,242.3800,1.5333,1.3600,2.6000,7-M2c,No,C:\Temp\hy8\CULVERT 037 _20_00p_\HW _ US_h_ Q _ DS_h TW,242.3500,1.5000,1.3300,2.5700,7-M2c,No,C:\Temp\hy8\CULVERT 037 _20_00p_\HW_D _ 1_50_ Q _ Invert TW
CULVERT 038 (02.00p),02.00p,101.542,35,1.5,Circle,Corrugated Steel,Straight,Thin Edge Projecting,1.5000,1.5000,24.6000,241.5000,241.3560,10.0000,291.5000,243.9956,244.3413,Success,,101.5400,244.4000,1.9333,1.6400,4-FFf,No,C:\Temp\hy8\CULVERT 038\Fixed Flow Runs\CULVERT 038 _Q _ DS_h TW _2_.hy8,101.5400,243.0200,1.0133,2.6800,7-M2c,No,C:\Temp\hy8\CULVERT 038\Fixed Flow Runs\CULVERT 038 _Q _ Invert TW_.hy8,244.3400,1.8933,93.7800,1.5200,4-FFf,No,C:\Temp\hy8\CULVERT 038 _02_00p_\HW _ US_h_ Q _ DS_h TW,243.7500,1.5000,167.2100,3.3200,7-M2c,No,C:\Temp\hy8\CULVERT 038 _02_00p_\HW_D _ 1_50_ Q _ Invert TW
CULVERT 038 (20.00p),20.00p,77.614,35,1.5,Circle,Corrugated Steel,Straight,Thin Edge Projecting,1.5000,1.5000,24.6000,241.5000,241.3560,10.0000,291.5000,243.5522,243.7363,Success,,77.6100,243.7900,1.5267,1.2500,4-FFf,No,C:\Temp\hy8\CULVERT 038\Fixed Flow Runs\CULVERT 038 _Q _ DS_h TW _1_.hy8,77.6100,242.7900,0.8600,2.4400,2-M2c,No,C:\Temp\hy8\CULVERT 038\Fixed Flow Runs\CULVERT 038 _Q _ Invert TW_.hy8,243.7400,1.4933,69.1500,1.1200,4-FFf,No,C:\Temp\hy8\CULVERT 038 _20_00p_\HW _ US_h_ Q _ DS_h TW,243.7500,1.5000,167.2200,3.3200,7-M2c,No,C:\Temp\hy8\CULVERT 038 _20_00p_\HW_D _ 1_50_ Q _ Invert TW
CULVERT 039 (02.00p),02.00p,0.812,1,0.8999999999999773,Circle,Corrugated Steel,Straight,Thin Edge Projecting,0.9000,0.9000,44.3000,247.9370,246.5320,10.0000,297.9370,247.1533,248.7088,Success,,0.8100,248.8000,0.9589,2.7000,1-S2n,No,C:\Temp\hy8\CULVERT 039\Fixed Flow Runs\CULVERT 039 _Q _ DS_h TW _2_.hy8,0.8100,248.8000,0.9589,2.7000,1-S2n,No,C:\Temp\hy8\CULVERT 039\Fixed Flow Runs\CULVERT 039 _Q _ Invert TW_.hy8,248.7100,0.8589,0.7000,2.6000,1-S2n,No,C:\Temp\hy8\CULVERT 039 _02_00p_\HW _ US_h_ Q _ DS_h TW,249.2900,1.5033,1.3400,3.0300,5-S2n,No,C:\Temp\hy8\CULVERT 039 _02_00p_\HW_D _ 1_50_ Q _ Invert TW
CULVERT 039 (20.00p),20.00p,0.559,1,0.8999999999999773,Circle,Corrugated Steel,Straight,Thin Edge Projecting,0.9000,0.9000,44.3000,247.9370,246.5320,10.0000,297.9370,247.1084,248.5626,Success,,0.5600,248.6000,0.7367,2.4500,1-S2n,No,C:\Temp\hy8\CULVERT 039\Fixed Flow Runs\CULVERT 039 _Q _ DS_h TW _1_.hy8,0.5600,248.6000,0.7367,2.4500,1-S2n,No,C:\Temp\hy8\CULVERT 039\Fixed Flow Runs\CULVERT 039 _Q _ Invert TW_.hy8,248.5600,0.6922,0.5000,2.3800,1-S2n,No,C:\Temp\hy8\CULVERT 039 _20_00p_\HW _ US_h_ Q _ DS_h TW,249.2800,1.4922,1.3400,3.0300,5-S2n,No,C:\Temp\hy8\CULVERT 039 _20_00p_\HW_D _ 1_50_ Q _ Invert TW
CULVERT 040 (02.00p),02.00p,0.968,1,0.9000000000000057,Circle,Corrugated Steel,Straight,Thin Edge Projecting,0.9000,0.9000,30.0000,250.0430,249.0000,10.0000,300.0430,249.3366,250.9100,Success,,0.9700,251.0300,1.0967,2.9200,5-S2n,No,C:\Temp\hy8\CULVERT 040\Fixed Flow Runs\CULVERT 040 _Q _ DS_h TW _2_.hy8,0.9700,251.0300,1.0967,2.9200,5-S2n,No,C:\Temp\hy8\CULVERT 040\Fixed Flow Runs\CULVERT 040 _Q _ Invert TW_.hy8,250.2900,0.2744,0.1000,0.4400,1-JS1t,No,C:\Temp\hy8\CULVERT 040 _02_00p_\HW _ US_h_ Q _ DS_h TW,251.3900,1.4967,1.3400,3.1400,5-S2n,No,C:\Temp\hy8\CULVERT 040 _02_00p_\HW_D _ 1_50_ Q _ Invert TW
CULVERT 040 (20.00p),20.00p,0.473,1,0.9000000000000057,Circle,Corrugated Steel,Straight,Thin Edge Projecting,0.9000,0.9000,30.0000,250.0430,249.0000,10.0000,300.0430,249.2377,250.6157,Success,,0.4700,250.6400,0.6633,2.4200,1-S2n,No,C:\Temp\hy8\CULVERT 040\Fixed Flow Runs\CULVERT 040 _Q _ DS_h TW _1_.hy8,0.4700,250.6400,0.6633,2.4200,1-S2n,No,C:\Temp\hy8\CULVERT 040\Fixed Flow Runs\CULVERT 040 _Q _ Invert TW_.hy8,250.6100,0.6300,0.4400,2.3600,1-S2n,No,C:\Temp\hy8\CULVERT 040 _20_00p_\HW _ US_h_ Q _ DS_h TW,251.3900,1.4967,1.3400,3.1500,5-S2n,No,C:\Temp\hy8\CULVERT 040 _20_00p_\HW_D _ 1_50_ Q _ Invert TW
CULVERT 041 (02.00p),02.00p,1.852,1,0.8999999999999773,Circle,Corrugated Steel,Straight,Thin Edge Projecting,0.9000,0.9000,46.5000,249.9430,248.4660,10.0000,299.9430,249.9774,252.1465,Success,,1.8500,252.4500,2.7856,2.9100,4-FFf,No,C:\Temp\hy8\CULVERT 041\Fixed Flow Runs\CULVERT 041 _Q _ DS_h TW _2_.hy8,1.8500,251.9900,2.2744,3.1300,7-M2c,No,C:\Temp\hy8\CULVERT 041\Fixed Flow Runs\CULVERT 041 _Q _ Invert TW_.hy8,252.1400,2.4411,1.7300,2.7200,4-FFf,No,C:\Temp\hy8\CULVERT 041 _02_00p_\HW _ US_h_ Q _ DS_h TW,251.2900,1.4967,1.3400,3.0300,5-S2n,No,C:\Temp\hy8\CULVERT 041 _02_00p_\HW_D _ 1_50_ Q _ Invert TW
CULVERT 041 (20.00p),20.00p,0.585,1,0.8999999999999773,Circle,Corrugated Steel,Straight,Thin Edge Projecting,0.9000,0.9000,46.5000,249.9430,248.4660,10.0000,299.9430,249.4219,250.5837,Success,,0.5800,250.6300,0.7633,0.9200,1-JS1f,No,C:\Temp\hy8\CULVERT 041\Fixed Flow Runs\CULVERT 041 _Q _ DS_h TW _1_.hy8,0.5800,250.6300,0.7633,2.4800,1-S2n,No,C:\Temp\hy8\CULVERT 041\Fixed Flow Runs\CULVERT 041 _Q _ Invert TW_.hy8,250.1400,0.2189,0.0600,1.2700,1-S2n,No,C:\Temp\hy8\CULVERT 041 _20_00p_\HW _ US_h_ Q _ DS_h TW,251.2900,1.4967,1.3400,3.0300,5-S2n,No,C:\Temp\hy8\CULVERT 041 _20_00p_\HW_D _ 1_50_ Q _ Invert TW
CULVERT 042 (02.00p),02.00p,95.02,16,1.5,Circle,Corrugated Steel,Straight,Thin Edge Projecting,1.5000,1.5000,40.0000,249.0990,248.7090,10.0000,299.0990,250.5390,252.3644,Success,,95.0200,252.5900,2.3273,3.3600,4-FFf,No,C:\Temp\hy8\CULVERT 042\Fixed Flow Runs\CULVERT 042 _Q _ DS_h TW _2_.hy8,95.0200,252.1400,2.0273,3.7500,7-M2c,No,C:\Temp\hy8\CULVERT 042\Fixed Flow Runs\CULVERT 042 _Q _ Invert TW_.hy8,252.3600,2.1740,89.5200,3.1700,4-FFf,No,C:\Temp\hy8\CULVERT 042 _02_00p_\HW _ US_h_ Q _ DS_h TW,251.3500,1.5007,76.5000,3.3200,7-M2c,No,C:\Temp\hy8\CULVERT 042 _02_00p_\HW_D _ 1_50_ Q _ Invert TW
CULVERT 042 (20.00p),20.00p,66.099,16,1.5,Circle,Corrugated Steel,Straight,Thin Edge Projecting,1.5000,1.5000,40.0000,249.0990,248.7090,10.0000,299.0990,249.9245,251.0783,Success,,66.1000,251.0400,1.2940,2.6900,3-M2t,No,C:\Temp\hy8\CULVERT 042\Fixed Flow Runs\CULVERT 042 _Q _ DS_h TW _1_.hy8,66.1000,251.0400,1.2940,3.1000,7-M2c,No,C:\Temp\hy8\CULVERT 042\Fixed Flow Runs\CULVERT 042 _Q _ Invert TW_.hy8,251.0700,1.3140,67.4300,2.7500,3-M2t,No,C:\Temp\hy8\CULVERT 042 _20_00p_\HW _ US_h_ Q _ DS_h TW,251.3500,1.5007,76.4500,3.3200,7-M2c,No,C:\Temp\hy8\CULVERT 042 _20_00p_\HW_D _ 1_50_ Q _ Invert TW
CULVERT 043 (02.00p),02.00p,1.356,1,0.9000000000000057,Circle,Corrugated Steel,Straight,Thin Edge Projecting,0.9000,0.9000,33.5000,254.1910,253.4950,10.0000,304.1910,253.7223,255.3829,Success,,1.3600,255.5600,1.5211,2.5900,7-M2c,No,C:\Temp\hy8\CULVERT 043\Fixed Flow Runs\CULVERT 043 _Q _ DS_h TW _2_.hy8,1.3600,255.5600,1.5211,2.5900,7-M2c,No,C:\Temp\hy8\CULVERT 043\Fixed Flow Runs\CULVERT 043 _Q _ Invert TW_.hy8,255.3800,1.3211,1.1800,2.4900,5-S2n,No,C:\Temp\hy8\CULVERT 043 _02_00p_\HW _ US_h_ Q _ DS_h TW,255.5400,1.4989,1.3400,2.5800,7-M2c,No,C:\Temp\hy8\CULVERT 043 _02_00p_\HW_D _ 1_50_ Q _ Invert TW
CULVERT 043 (20.00p),20.00p,0.369,1,0.9000000000000057,Circle,Corrugated Steel,Straight,Thin Edge Projecting,0.9000,0.9000,33.5000,254.1910,253.4950,10.0000,304.1910,253.6148,254.6935,Success,,0.3700,254.7100,0.5767,1.8700,1-S2n,No,C:\Temp\hy8\CULVERT 043\Fixed Flow Runs\CULVERT 043 _Q _ DS_h TW _1_.hy8,0.3700,254.7100,0.5767,1.8700,1-S2n,No,C:\Temp\hy8\CULVERT 043\Fixed Flow Runs\CULVERT 043 _Q _ Invert TW_.hy8,254.6900,0.5544,0.3400,1.8300,1-S2n,No,C:\Temp\hy8\CULVERT 043 _20_00p_\HW _ US_h_ Q _ DS_h TW,255.5400,1.4989,1.3400,2.5800,7-M2c,No,C:\Temp\hy8\CULVERT 043 _20_00p_\HW_D _ 1_50_ Q _ Invert TW
CULVERT 044,02.00p,1.52,1,0.9000000000000057,,,,,,,,,,,,,,Failed,Unable to bracket the requested headwater.,,,,,,,,,,,,,,,,,,,,,,,,,,,,
CULVERT 044,20.00p,0.257,1,0.9000000000000057,,,,,,,,,,,,,,Failed,Unable to bracket the requested headwater.,,,,,,,,,,,,,,,,,,,,,,,,,,,,
CULVERT 045 (02.00p),02.00p,4.742,3,0.9000000000000057,Circle,Corrugated Steel,Straight,Thin Edge Projecting,0.9000,0.9000,36.9000,255.0650,254.3990,10.0000,305.0650,255.4316,256.8426,Success,,4.7400,256.9800,2.1278,2.4800,4-FFf,No,C:\Temp\hy8\CULVERT 045\Fixed Flow Runs\CULVERT 045 _Q _ DS_h TW _2_.hy8,4.7400,256.7500,1.8722,2.8200,7-M2c,No,C:\Temp\hy8\CULVERT 045\Fixed Flow Runs\CULVERT 045 _Q _ Invert TW_.hy8,256.8400,1.9722,4.5200,2.3700,4-FFf,No,C:\Temp\hy8\CULVERT 045 _02_00p_\HW _ US_h_ Q _ DS_h TW,256.4100,1.4944,4.0000,2.5700,7-M2c,No,C:\Temp\hy8\CULVERT 045 _02_00p_\HW_D _ 1_50_ Q _ Invert TW
CULVERT 045 (20.00p),20.00p,3.891,3,0.9000000000000057,Circle,Corrugated Steel,Straight,Thin Edge Projecting,0.9000,0.9000,36.9000,255.0650,254.3990,10.0000,305.0650,255.1602,256.2638,Success,,3.8900,256.3700,1.4500,2.2600,7-M1t,No,C:\Temp\hy8\CULVERT 045\Fixed Flow Runs\CULVERT 045 _Q _ DS_h TW _1_.hy8,3.8900,256.3700,1.4500,2.5400,7-M2c,No,C:\Temp\hy8\CULVERT 045\Fixed Flow Runs\CULVERT 045 _Q _ Invert TW_.hy8,256.2600,1.3278,3.5500,2.0600,7-M1t,No,C:\Temp\hy8\CULVERT 045 _20_00p_\HW _ US_h_ Q _ DS_h TW,256.4100,1.4944,4.0100,2.5700,7-M2c,No,C:\Temp\hy8\CULVERT 045 _20_00p_\HW_D _ 1_50_ Q _ Invert TW
CULVERT 047 (02.00p),02.00p,1.24,1,0.8999999999999773,Circle,Corrugated Steel,Straight,Thin Edge Projecting,0.9000,0.9000,27.5000,259.4970,259.2430,10.0000,309.4970,259.3977,260.8735,Success,,1.2400,260.8000,1.4478,2.4800,7-M2c,No,C:\Temp\hy8\CULVERT 047\Fixed Flow Runs\CULVERT 047 _Q _ DS_h TW _2_.hy8,1.2400,260.8000,1.4478,2.4800,7-M2c,No,C:\Temp\hy8\CULVERT 047\Fixed Flow Runs\CULVERT 047 _Q _ Invert TW_.hy8,259.8200,0.3589,0.1200,1.1700,2-M2c,No,C:\Temp\hy8\CULVERT 047 _02_00p_\HW _ US_h_ Q _ DS_h TW,260.8500,1.5033,1.2700,2.5100,7-M2c,No,C:\Temp\hy8\CULVERT 047 _02_00p_\HW_D _ 1_50_ Q _ Invert TW
CULVERT 047 (20.00p),20.00p,0.874,1,0.8999999999999773,Circle,Corrugated Steel,Straight,Thin Edge Projecting,0.9000,0.9000,27.5000,259.4970,259.2430,10.0000,309.4970,259.3777,260.4436,Success,,0.8700,260.4500,1.0589,2.1400,7-M2c,No,C:\Temp\hy8\CULVERT 047\Fixed Flow Runs\CULVERT 047 _Q _ DS_h TW _1_.hy8,0.8700,260.4500,1.0589,2.1400,7-M2c,No,C:\Temp\hy8\CULVERT 047\Fixed Flow Runs\CULVERT 047 _Q _ Invert TW_.hy8,260.4500,1.0589,0.8600,2.1300,7-M2c,No,C:\Temp\hy8\CULVERT 047 _20_00p_\HW _ US_h_ Q _ DS_h TW,260.8500,1.5033,1.2700,2.5100,7-M2c,No,C:\Temp\hy8\CULVERT 047 _20_00p_\HW_D _ 1_50_ Q _ Invert TW
CULVERT 048 (02.00p),02.00p,1.759,2,0.8999999999999773,Circle,Corrugated Steel,Straight,Thin Edge Projecting,0.9000,0.9000,28.7000,260.6370,260.1280,10.0000,310.6370,260.3186,261.5768,Success,,1.7600,261.5600,1.0256,2.2100,5-S2n,No,C:\Temp\hy8\CULVERT 048\Fixed Flow Runs\CULVERT 048 _Q _ DS_h TW _2_.hy8,1.7600,261.5600,1.0256,2.2100,5-S2n,No,C:\Temp\hy8\CULVERT 048\Fixed Flow Runs\CULVERT 048 _Q _ Invert TW_.hy8,260.8800,0.2700,0.1700,1.1700,1-S2n,No,C:\Temp\hy8\CULVERT 048 _02_00p_\HW _ US_h_ Q _ DS_h TW,261.9800,1.4922,2.6700,2.5700,7-M2c,No,C:\Temp\hy8\CULVERT 048 _02_00p_\HW_D _ 1_50_ Q _ Invert TW
CULVERT 048 (20.00p),20.00p,1.366,2,0.8999999999999773,Circle,Corrugated Steel,Straight,Thin Edge Projecting,0.9000,0.9000,28.7000,260.6370,260.1280,10.0000,310.6370,260.3031,261.3326,Success,,1.3700,261.4000,0.8478,2.0800,1-S2n,No,C:\Temp\hy8\CULVERT 048\Fixed Flow Runs\CULVERT 048 _Q _ DS_h TW _1_.hy8,1.3700,261.4000,0.8478,2.0800,1-S2n,No,C:\Temp\hy8\CULVERT 048\Fixed Flow Runs\CULVERT 048 _Q _ Invert TW_.hy8,260.8500,0.2367,0.1400,1.0800,1-S2n,No,C:\Temp\hy8\CULVERT 048 _20_00p_\HW _ US_h_ Q _ DS_h TW,261.9900,1.5033,2.6800,2.5800,7-M2c,No,C:\Temp\hy8\CULVERT 048 _20_00p_\HW_D _ 1_50_ Q _ Invert TW
CULVERT 049 (02.00p),02.00p,5.1,2,1.199999999999989,Circle,Corrugated Steel,Straight,Thin Edge Projecting,1.2000,1.2000,35.4000,260.7440,259.8580,10.0000,310.7440,260.7009,262.1102,Success,,5.1000,262.4000,1.3800,3.2600,5-S2n,No,C:\Temp\hy8\CULVERT 049\Fixed Flow Runs\CULVERT 049 _Q _ DS_h TW _2_.hy8,5.1000,262.4000,1.3800,3.2600,5-S2n,No,C:\Temp\hy8\CULVERT 049\Fixed Flow Runs\CULVERT 049 _Q _ Invert TW_.hy8,261.1300,0.3217,0.5100,0.3000,1-JS1t,No,C:\Temp\hy8\CULVERT 049 _02_00p_\HW _ US_h_ Q _ DS_h TW,262.5400,1.4967,5.4900,3.3000,5-S2n,No,C:\Temp\hy8\CULVERT 049 _02_00p_\HW_D _ 1_50_ Q _ Invert TW
CULVERT 049 (20.00p),20.00p,3.955,2,1.199999999999989,Circle,Corrugated Steel,Straight,Thin Edge Projecting,1.2000,1.2000,35.4000,260.7440,259.8580,10.0000,310.7440,260.6046,261.8972,Success,,3.9600,262.0600,1.0967,3.0800,5-S2n,No,C:\Temp\hy8\CULVERT 049\Fixed Flow Runs\CULVERT 049 _Q _ DS_h TW _1_.hy8,3.9600,262.0600,1.0967,3.0800,5-S2n,No,C:\Temp\hy8\CULVERT 049\Fixed Flow Runs\CULVERT 049 _Q _ Invert TW_.hy8,261.9000,0.9633,3.3400,2.9600,1-S2n,No,C:\Temp\hy8\CULVERT 049 _20_00p_\HW _ US_h_ Q _ DS_h TW,262.5400,1.4967,5.4900,3.3000,5-S2n,No,C:\Temp\hy8\CULVERT 049 _20_00p_\HW_D _ 1_50_ Q _ Invert TW
CULVERT 050,02.00p,1.177,1,0.8999999999999773,,,,,,,,,,,,,,Failed,Unable to bracket the requested headwater.,,,,,,,,,,,,,,,,,,,,,,,,,,,,
CULVERT 050,20.00p,0.303,1,0.8999999999999773,,,,,,,,,,,,,,Failed,Unable to bracket the requested headwater.,,,,,,,,,,,,,,,,,,,,,,,,,,,,
CULVERT 051 (02.00p),02.00p,4.561,3,0.8999999999999773,Circle,Corrugated Steel,Straight,Thin Edge Projecting,0.9000,0.9000,28.1000,264.7160,264.4230,10.0000,314.7160,265.0475,266.4347,Success,,4.5600,266.4600,1.9378,2.7600,7-M2c,No,C:\Temp\hy8\CULVERT 051\Fixed Flow Runs\CULVERT 051 _Q _ DS_h TW _2_.hy8,4.5600,266.4600,1.9378,2.7600,7-M2c,No,C:\Temp\hy8\CULVERT 051\Fixed Flow Runs\CULVERT 051 _Q _ Invert TW_.hy8,266.4300,1.9044,4.5200,2.7500,7-M2c,No,C:\Temp\hy8\CULVERT 051 _02_00p_\HW _ US_h_ Q _ DS_h TW,266.0600,1.4933,3.8700,2.5300,7-M2c,No,C:\Temp\hy8\CULVERT 051 _02_00p_\HW_D _ 1_50_ Q _ Invert TW
CULVERT 051 (20.00p),20.00p,3.203,3,0.8999999999999773,Circle,Corrugated Steel,Straight,Thin Edge Projecting,0.9000,0.9000,28.1000,264.7160,264.4230,10.0000,314.7160,264.9490,265.6426,Success,,3.2000,265.8100,1.2156,2.3200,7-M2c,No,C:\Temp\hy8\CULVERT 051\Fixed Flow Runs\CULVERT 051 _Q _ DS_h TW _1_.hy8,3.2000,265.8100,1.2156,2.3200,7-M2c,No,C:\Temp\hy8\CULVERT 051\Fixed Flow Runs\CULVERT 051 _Q _ Invert TW_.hy8,265.6400,1.0267,2.4800,2.0900,7-M2c,No,C:\Temp\hy8\CULVERT 051 _20_00p_\HW _ US_h_ Q _ DS_h TW,266.0600,1.4933,3.8700,2.5300,7-M2c,No,C:\Temp\hy8\CULVERT 051 _20_00p_\HW_D _ 1_50_ Q _ Invert TW
CULVERT 052,02.00p,1.803,1,0.8999999999999773,,,,,,,,,,,,,,Failed,Unable to bracket the requested headwater.,,,,,,,,,,,,,,,,,,,,,,,,,,,,
CULVERT 052,20.00p,0.205,1,0.8999999999999773,,,,,,,,,,,,,,Failed,Unable to bracket the requested headwater.,,,,,,,,,,,,,,,,,,,,,,,,,,,,
CULVERT 053 (02.00p),02.00p,24.148,15,0.9000000000000341,Circle,Corrugated Steel,Straight,Thin Edge Projecting,0.9000,0.9000,42.3000,269.8780,269.1970,10.0000,319.8780,270.6435,272.2744,Success,,24.1500,272.4000,2.8022,2.5300,4-FFf,No,C:\Temp\hy8\CULVERT 053\Fixed Flow Runs\CULVERT 053 _Q _ DS_h TW _2_.hy8,24.1500,271.7600,2.0911,2.8600,7-M2c,No,C:\Temp\hy8\CULVERT 053\Fixed Flow Runs\CULVERT 053 _Q _ Invert TW_.hy8,272.2700,2.6578,23.2600,2.4400,4-FFf,No,C:\Temp\hy8\CULVERT 053 _02_00p_\HW _ US_h_ Q _ DS_h TW,271.2200,1.4911,19.9000,2.5700,7-M2c,No,C:\Temp\hy8\CULVERT 053 _02_00p_\HW_D _ 1_50_ Q _ Invert TW
CULVERT 053 (20.00p),20.00p,18.351,15,0.9000000000000341,Circle,Corrugated Steel,Straight,Thin Edge Projecting,0.9000,0.9000,42.3000,269.8780,269.1970,10.0000,319.8780,270.1725,270.9923,Success,,18.3500,271.1900,1.4578,1.9200,4-FFf,No,C:\Temp\hy8\CULVERT 053\Fixed Flow Runs\CULVERT 053 _Q _ DS_h TW _1_.hy8,18.3500,271.1100,1.3689,2.4700,7-M2c,No,C:\Temp\hy8\CULVERT 053\Fixed Flow Runs\CULVERT 053 _Q _ Invert TW_.hy8,270.9900,1.2356,16.4200,1.7200,3-M1f,No,C:\Temp\hy8\CULVERT 053 _20_00p_\HW _ US_h_ Q _ DS_h TW,271.2300,1.5022,20.0200,2.5700,7-M2c,No,C:\Temp\hy8\CULVERT 053 _20_00p_\HW_D _ 1_50_ Q _ Invert TW
CULVERT 054 (02.00p),02.00p,1.572,1,0.9000000000000341,Circle,Corrugated Steel,Straight,Thin Edge Projecting,0.9000,0.9000,43.5000,270.6160,269.5570,10.0000,320.6160,270.7561,272.3404,Success,,1.5700,272.4600,2.0489,2.4700,4-FFf,No,C:\Temp\hy8\CULVERT 054\Fixed Flow Runs\CULVERT 054 _Q _ DS_h TW _2_.hy8,1.5700,272.2500,1.8156,2.8200,7-M2c,No,C:\Temp\hy8\CULVERT 054\Fixed Flow Runs\CULVERT 054 _Q _ Invert TW_.hy8,272.3300,1.9044,1.5100,2.3800,4-FFf,No,C:\Temp\hy8\CULVERT 054 _02_00p_\HW _ US_h_ Q _ DS_h TW,271.9600,1.4933,1.3400,2.7200,5-S2n,No,C:\Temp\hy8\CULVERT 054 _02_00p_\HW_D _ 1_50_ Q _ Invert TW
CULVERT 054 (20.00p),20.00p,0.881,1,0.9000000000000341,Circle,Corrugated Steel,Straight,Thin Edge Projecting,0.9000,0.9000,43.5000,270.6160,269.5570,10.0000,320.6160,270.2242,271.4306,Success,,0.8800,271.5300,1.0156,2.4900,5-S2n,No,C:\Temp\hy8\CULVERT 054\Fixed Flow Runs\CULVERT 054 _Q _ DS_h TW _1_.hy8,0.8800,271.5300,1.0156,2.4900,5-S2n,No,C:\Temp\hy8\CULVERT 054\Fixed Flow Runs\CULVERT 054 _Q _ Invert TW_.hy8,271.4300,0.9044,0.7500,2.3900,1-S2n,No,C:\Temp\hy8\CULVERT 054 _20_00p_\HW _ US_h_ Q _ DS_h TW,271.9600,1.4933,1.3400,2.7200,5-S2n,No,C:\Temp\hy8\CULVERT 054 _20_00p_\HW_D _ 1_50_ Q _ Invert TW
CULVERT 054A,02.00p,0.461,1,0.8999999999999773,,,,,,,,,,,,,,Failed,Unable to bracket the requested headwater.,,,,,,,,,,,,,,,,,,,,,,,,,,,,
CULVERT 054A,20.00p,0.314,1,0.8999999999999773,,,,,,,,,,,,,,Failed,Unable to bracket the requested headwater.,,,,,,,,,,,,,,,,,,,,,,,,,,,,
CULVERT 055 (02.00p),02.00p,1.092,1,0.8999999999999773,Circle,Corrugated Steel,Straight,Thin Edge Projecting,0.9000,0.9000,80.9000,280.4460,277.9610,10.0000,330.4460,278.0428,281.3859,Success,,1.0900,281.5400,1.2156,2.8700,5-S2n,No,C:\Temp\hy8\CULVERT 055\Fixed Flow Runs\CULVERT 055 _Q _ DS_h TW _2_.hy8,1.0900,281.5400,1.2156,2.8700,5-S2n,No,C:\Temp\hy8\CULVERT 055\Fixed Flow Runs\CULVERT 055 _Q _ Invert TW_.hy8,281.3900,1.0489,0.9200,2.7500,5-S2n,No,C:\Temp\hy8\CULVERT 055 _02_00p_\HW _ US_h_ Q _ DS_h TW,281.8000,1.5044,1.3400,2.9900,5-S2n,No,C:\Temp\hy8\CULVERT 055 _02_00p_\HW_D _ 1_50_ Q _ Invert TW
CULVERT 055 (20.00p),20.00p,0.53,1,0.8999999999999773,Circle,Corrugated Steel,Straight,Thin Edge Projecting,0.9000,0.9000,80.9000,280.4460,277.9610,10.0000,330.4460,277.9600,281.0535,Success,,0.5300,281.0900,0.7156,2.3800,1-S2n,No,C:\Temp\hy8\CULVERT 055\Fixed Flow Runs\CULVERT 055 _Q _ DS_h TW _1_.hy8,0.5300,281.0900,0.7156,2.3800,1-S2n,No,C:\Temp\hy8\CULVERT 055\Fixed Flow Runs\CULVERT 055 _Q _ Invert TW_.hy8,281.0500,0.6711,0.4800,2.3200,1-S2n,No,C:\Temp\hy8\CULVERT 055 _20_00p_\HW _ US_h_ Q _ DS_h TW,281.7900,1.4933,1.3400,2.9900,5-S2n,No,C:\Temp\hy8\CULVERT 055 _20_00p_\HW_D _ 1_50_ Q _ Invert TW
CULVERT 056,02.00p,1.562,1,0.8999999999999773,,,,,,,,,,,,,,Failed,Unable to bracket the requested headwater.,,,,,,,,,,,,,,,,,,,,,,,,,,,,
CULVERT 056,20.00p,0.123,1,0.8999999999999773,,,,,,,,,,,,,,Failed,Unable to bracket the requested headwater.,,,,,,,,,,,,,,,,,,,,,,,,,,,,
CULVERT 057 (02.00p),02.00p,7.172,5,0.8999999999999773,Circle,Corrugated Steel,Straight,Thin Edge Projecting,0.9000,0.9000,84.2000,287.0860,286.2940,10.0000,337.0860,286.7303,289.3860,Success,,7.1700,289.3700,2.5378,2.6700,7-M2c,No,C:\Temp\hy8\CULVERT 057\Fixed Flow Runs\CULVERT 057 _Q _ DS_h TW _2_.hy8,7.1700,289.3700,2.5378,2.6700,7-M2c,No,C:\Temp\hy8\CULVERT 057\Fixed Flow Runs\CULVERT 057 _Q _ Invert TW_.hy8,289.3900,2.5600,7.1900,2.6800,7-M2c,No,C:\Temp\hy8\CULVERT 057 _02_00p_\HW _ US_h_ Q _ DS_h TW,288.4100,1.4711,5.6400,2.3800,7-M2c,No,C:\Temp\hy8\CULVERT 057 _02_00p_\HW_D _ 1_50_ Q _ Invert TW
CULVERT 057 (20.00p),20.00p,6.715,5,0.8999999999999773,Circle,Corrugated Steel,Straight,Thin Edge Projecting,0.9000,0.9000,84.2000,287.0860,286.2940,10.0000,337.0860,286.7123,288.3903,Success,,6.7100,289.0700,2.2044,2.5800,7-M2c,No,C:\Temp\hy8\CULVERT 057\Fixed Flow Runs\CULVERT 057 _Q _ DS_h TW _1_.hy8,6.7100,289.0700,2.2044,2.5800,7-M2c,No,C:\Temp\hy8\CULVERT 057\Fixed Flow Runs\CULVERT 057 _Q _ Invert TW_.hy8,287.4200,0.3711,0.6700,0.4600,3-M1t,No,C:\Temp\hy8\CULVERT 057 _20_00p_\HW _ US_h_ Q _ DS_h TW,288.4400,1.5044,5.6900,2.3800,7-M2c,No,C:\Temp\hy8\CULVERT 057 _20_00p_\HW_D _ 1_50_ Q _ Invert TW
CULVERT 058,02.00p,0.305,1,0.9000000000000341,,,,,,,,,,,,,,Failed,Unable to bracket the requested headwater.,,,,,,,,,,,,,,,,,,,,,,,,,,,,
CULVERT 058,20.00p,0.119,1,0.9000000000000341,,,,,,,,,,,,,,Failed,Unable to bracket the requested headwater.,,,,,,,,,,,,,,,,,,,,,,,,,,,,
CULVERT 059,02.00p,0.092,1,0.9000000000000341,,,,,,,,,,,,,,Failed,Unable to bracket the requested headwater.,,,,,,,,,,,,,,,,,,,,,,,,,,,,
CULVERT 059,20.00p,0.042,1,0.9000000000000341,,,,,,,,,,,,,,Failed,Unable to bracket the requested headwater.,,,,,,,,,,,,,,,,,,,,,,,,,,,,
CULVERT 060,02.00p,0.326,1,0.8999999999999773,,,,,,,,,,,,,,Failed,Unable to bracket the requested headwater.,,,,,,,,,,,,,,,,,,,,,,,,,,,,
CULVERT 060,20.00p,0.195,1,0.8999999999999773,,,,,,,,,,,,,,Failed,Unable to bracket the requested headwater.,,,,,,,,,,,,,,,,,,,,,,,,,,,,
CULVERT 061 (02.00p),02.00p,2.944,1,1.200000000000045,Circle,Corrugated Steel,Straight,Thin Edge Projecting,1.2000,1.2000,36.5000,292.3470,291.8310,10.0000,342.3470,292.2639,294.2580,Success,,2.9400,294.3000,1.6275,3.0900,7-M2c,No,C:\Temp\hy8\CULVERT 061\Fixed Flow Runs\CULVERT 061 _Q _ DS_h TW _2_.hy8,2.9400,294.3000,1.6275,3.0900,7-M2c,No,C:\Temp\hy8\CULVERT 061\Fixed Flow Runs\CULVERT 061 _Q _ Invert TW_.hy8,292.7600,0.3442,0.2900,1.4800,1-S2n,No,C:\Temp\hy8\CULVERT 061 _02_00p_\HW _ US_h_ Q _ DS_h TW,294.1500,1.5025,2.7400,2.9700,7-M2c,No,C:\Temp\hy8\CULVERT 061 _02_00p_\HW_D _ 1_50_ Q _ Invert TW
CULVERT 061 (20.00p),20.00p,1.912,1,1.200000000000045,Circle,Corrugated Steel,Straight,Thin Edge Projecting,1.2000,1.2000,36.5000,292.3470,291.8310,10.0000,342.3470,292.1555,293.6284,Success,,1.9100,293.7100,1.1358,2.5300,7-M2c,No,C:\Temp\hy8\CULVERT 061\Fixed Flow Runs\CULVERT 061 _Q _ DS_h TW _1_.hy8,1.9100,293.7100,1.1358,2.5300,7-M2c,No,C:\Temp\hy8\CULVERT 061\Fixed Flow Runs\CULVERT 061 _Q _ Invert TW_.hy8,293.6300,1.0692,1.7100,2.4200,7-M2c,No,C:\Temp\hy8\CULVERT 061 _20_00p_\HW _ US_h_ Q _ DS_h TW,294.1500,1.5025,2.7400,2.9700,7-M2c,No,C:\Temp\hy8\CULVERT 061 _20_00p_\HW_D _ 1_50_ Q _ Invert TW
CULVERT 062,02.00p,0.486,1,0.9000000000000341,,,,,,,,,,,,,,Failed,Unable to bracket the requested headwater.,,,,,,,,,,,,,,,,,,,,,,,,,,,,
CULVERT 062,20.00p,0.213,1,0.9000000000000341,,,,,,,,,,,,,,Failed,Unable to bracket the requested headwater.,,,,,,,,,,,,,,,,,,,,,,,,,,,,
CULVERT 063,02.00p,0.273,1,0.8999999999999773,,,,,,,,,,,,,,Failed,Unable to bracket the requested headwater.,,,,,,,,,,,,,,,,,,,,,,,,,,,,
CULVERT 063,20.00p,0.149,1,0.8999999999999773,,,,,,,,,,,,,,Failed,Unable to bracket the requested headwater.,,,,,,,,,,,,,,,,,,,,,,,,,,,,
CULVERT 064,02.00p,1.595,1,0.9000000000000341,,,,,,,,,,,,,,Failed,Unable to bracket the requested headwater.,,,,,,,,,,,,,,,,,,,,,,,,,,,,
CULVERT 064,20.00p,0.153,1,0.9000000000000341,,,,,,,,,,,,,,Failed,Unable to bracket the requested headwater.,,,,,,,,,,,,,,,,,,,,,,,,,,,,
CULVERT 065 (02.00p),02.00p,2.071,1,0.8999999999999773,Circle,Corrugated Steel,Straight,Thin Edge Projecting,0.9000,0.9000,30.3000,298.5360,297.2180,10.0000,348.5360,297.7948,300.2807,Success,,2.0700,300.9700,2.7044,3.6700,5-S2n,No,C:\Temp\hy8\CULVERT 065\Fixed Flow Runs\CULVERT 065 _Q _ DS_h TW _2_.hy8,2.0700,300.9700,2.7044,3.6700,5-S2n,No,C:\Temp\hy8\CULVERT 065\Fixed Flow Runs\CULVERT 065 _Q _ Invert TW_.hy8,300.2800,1.9378,1.6600,3.5900,5-S2n,No,C:\Temp\hy8\CULVERT 065 _02_00p_\HW _ US_h_ Q _ DS_h TW,299.8800,1.4933,1.3400,3.4400,5-S2n,No,C:\Temp\hy8\CULVERT 065 _02_00p_\HW_D _ 1_50_ Q _ Invert TW
CULVERT 065 (20.00p),20.00p,0.648,1,0.8999999999999773,Circle,Corrugated Steel,Straight,Thin Edge Projecting,0.9000,0.9000,30.3000,298.5360,297.2180,10.0000,348.5360,297.7033,299.2121,Success,,0.6500,299.2600,0.8044,2.8600,1-S2n,No,C:\Temp\hy8\CULVERT 065\Fixed Flow Runs\CULVERT 065 _Q _ DS_h TW _1_.hy8,0.6500,299.2600,0.8044,2.8600,1-S2n,No,C:\Temp\hy8\CULVERT 065\Fixed Flow Runs\CULVERT 065 _Q _ Invert TW_.hy8,299.2100,0.7489,0.5800,2.7700,1-S2n,No,C:\Temp\hy8\CULVERT 065 _20_00p_\HW _ US_h_ Q _ DS_h TW,299.8900,1.5044,1.3500,3.4400,5-S2n,No,C:\Temp\hy8\CULVERT 065 _20_00p_\HW_D _ 1_50_ Q _ Invert TW
CULVERT 066 (02.00p),02.00p,6.671,4,0.9000000000000341,Circle,Corrugated Steel,Straight,Thin Edge Projecting,0.9000,0.9000,54.0000,298.7460,297.4010,10.0000,348.7460,297.9561,300.3908,Success,,6.6700,300.5200,1.9711,2.9200,7-M2c,No,C:\Temp\hy8\CULVERT 066\Fixed Flow Runs\CULVERT 066 _Q _ DS_h TW _2_.hy8,6.6700,300.5200,1.9711,2.9200,7-M2c,No,C:\Temp\hy8\CULVERT 066\Fixed Flow Runs\CULVERT 066 _Q _ Invert TW_.hy8,299.0800,0.3711,0.6600,0.4000,1-JS1t,No,C:\Temp\hy8\CULVERT 066 _02_00p_\HW _ US_h_ Q _ DS_h TW,300.1000,1.5044,5.3600,2.7400,5-S2n,No,C:\Temp\hy8\CULVERT 066 _02_00p_\HW_D _ 1_50_ Q _ Invert TW
CULVERT 066 (20.00p),20.00p,5.918,4,0.9000000000000341,Circle,Corrugated Steel,Straight,Thin Edge Projecting,0.9000,0.9000,54.0000,298.7460,297.4010,10.0000,348.7460,297.8811,299.9453,Success,,5.9200,300.2600,1.6822,2.7700,5-S2n,No,C:\Temp\hy8\CULVERT 066\Fixed Flow Runs\CULVERT 066 _Q _ DS_h TW _1_.hy8,5.9200,300.2600,1.6822,2.7700,5-S2n,No,C:\Temp\hy8\CULVERT 066\Fixed Flow Runs\CULVERT 066 _Q _ Invert TW_.hy8,299.0600,0.3489,0.5900,0.4300,1-JS1t,No,C:\Temp\hy8\CULVERT 066 _20_00p_\HW _ US_h_ Q _ DS_h TW,300.0900,1.4933,5.3500,2.7400,5-S2n,No,C:\Temp\hy8\CULVERT 066 _20_00p_\HW_D _ 1_50_ Q _ Invert TW
CULVERT 067 (02.00p),02.00p,1.429,1,0.9000000000000341,Circle,Corrugated Steel,Straight,Thin Edge Projecting,0.9000,0.9000,39.3000,298.1260,297.2810,10.0000,348.1260,297.5539,299.4027,Success,,1.4300,299.5800,1.6156,2.6700,7-M2c,No,C:\Temp\hy8\CULVERT 067\Fixed Flow Runs\CULVERT 067 _Q _ DS_h TW _2_.hy8,1.4300,299.5800,1.6156,2.6700,7-M2c,No,C:\Temp\hy8\CULVERT 067\Fixed Flow Runs\CULVERT 067 _Q _ Invert TW_.hy8,299.4000,1.4156,1.2700,2.5600,5-S2n,No,C:\Temp\hy8\CULVERT 067 _02_00p_\HW _ US_h_ Q _ DS_h TW,299.4700,1.4933,1.3400,2.5700,7-M2c,No,C:\Temp\hy8\CULVERT 067 _02_00p_\HW_D _ 1_50_ Q _ Invert TW
CULVERT 067 (20.00p),20.00p,0.392,1,0.9000000000000341,Circle,Corrugated Steel,Straight,Thin Edge Projecting,0.9000,0.9000,39.3000,298.1260,297.2810,10.0000,348.1260,297.4778,298.6451,Success,,0.3900,298.6700,0.6044,1.9300,1-S2n,No,C:\Temp\hy8\CULVERT 067\Fixed Flow Runs\CULVERT 067 _Q _ DS_h TW _1_.hy8,0.3900,298.6700,0.6044,1.9300,1-S2n,No,C:\Temp\hy8\CULVERT 067\Fixed Flow Runs\CULVERT 067 _Q _ Invert TW_.hy8,298.6500,0.5822,0.3700,1.9000,1-S2n,No,C:\Temp\hy8\CULVERT 067 _20_00p_\HW _ US_h_ Q _ DS_h TW,299.4700,1.4933,1.3400,2.5700,7-M2c,No,C:\Temp\hy8\CULVERT 067 _20_00p_\HW_D _ 1_50_ Q _ Invert TW
CULVERT 068 (02.00p),02.00p,1.179,1,0.8999999999999773,Circle,Corrugated Steel,Straight,Thin Edge Projecting,0.9000,0.9000,32.6000,299.9200,299.0760,10.0000,349.9200,299.1957,300.9091,Success,,1.1800,301.1000,1.3111,2.7200,5-S2n,No,C:\Temp\hy8\CULVERT 068\Fixed Flow Runs\CULVERT 068 _Q _ DS_h TW _2_.hy8,1.1800,301.1000,1.3111,2.7200,5-S2n,No,C:\Temp\hy8\CULVERT 068\Fixed Flow Runs\CULVERT 068 _Q _ Invert TW_.hy8,300.2000,0.3111,0.1200,1.4500,1-S2n,No,C:\Temp\hy8\CULVERT 068 _02_00p_\HW _ US_h_ Q _ DS_h TW,301.2700,1.5000,1.3400,2.7900,5-S2n,No,C:\Temp\hy8\CULVERT 068 _02_00p_\HW_D _ 1_50_ Q _ Invert TW
CULVERT 068 (20.00p),20.00p,0.579,1,0.8999999999999773,Circle,Corrugated Steel,Straight,Thin Edge Projecting,0.9000,0.9000,32.6000,299.9200,299.0760,10.0000,349.9200,299.1656,300.5569,Success,,0.5800,300.6000,0.7556,2.2900,1-S2n,No,C:\Temp\hy8\CULVERT 068\Fixed Flow Runs\CULVERT 068 _Q _ DS_h TW _1_.hy8,0.5800,300.6000,0.7556,2.2900,1-S2n,No,C:\Temp\hy8\CULVERT 068\Fixed Flow Runs\CULVERT 068 _Q _ Invert TW_.hy8,300.1100,0.2111,0.0600,1.1800,1-S2n,No,C:\Temp\hy8\CULVERT 068 _20_00p_\HW _ US_h_ Q _ DS_h TW,301.2700,1.5000,1.3400,2.7900,5-S2n,No,C:\Temp\hy8\CULVERT 068 _20_00p_\HW_D _ 1_50_ Q _ Invert TW
CULVERT 069 (02.00p),02.00p,2.646,2,0.8999999999999773,Circle,Corrugated Steel,Straight,Thin Edge Projecting,0.9000,0.9000,42.7000,300.0600,299.6680,10.0000,350.0600,300.0533,301.1288,Success,,2.6500,301.6400,1.7556,2.5600,7-M2c,No,C:\Temp\hy8\CULVERT 069\Fixed Flow Runs\CULVERT 069 _Q _ DS_h TW _2_.hy8,2.6500,301.6400,1.7556,2.5600,7-M2c,No,C:\Temp\hy8\CULVERT 069\Fixed Flow Runs\CULVERT 069 _Q _ Invert TW_.hy8,301.1300,1.1889,2.0200,2.2600,7-M2c,No,C:\Temp\hy8\CULVERT 069 _02_00p_\HW _ US_h_ Q _ DS_h TW,301.4100,1.5000,2.4200,2.4500,7-M2c,No,C:\Temp\hy8\CULVERT 069 _02_00p_\HW_D _ 1_50_ Q _ Invert TW
CULVERT 069 (20.00p),20.00p,1.905,2,0.8999999999999773,Circle,Corrugated Steel,Straight,Thin Edge Projecting,0.9000,0.9000,42.7000,300.0600,299.6680,10.0000,350.0600,300.0125,300.9185,Success,,1.9000,301.0800,1.1333,2.2100,7-M2c,No,C:\Temp\hy8\CULVERT 069\Fixed Flow Runs\CULVERT 069 _Q _ DS_h TW _1_.hy8,1.9000,301.0800,1.1333,2.2100,7-M2c,No,C:\Temp\hy8\CULVERT 069\Fixed Flow Runs\CULVERT 069 _Q _ Invert TW_.hy8,300.9200,0.9556,1.4700,2.0100,2-M2c,No,C:\Temp\hy8\CULVERT 069 _20_00p_\HW _ US_h_ Q _ DS_h TW,301.4200,1.5111,2.4300,2.4600,7-M2c,No,C:\Temp\hy8\CULVERT 069 _20_00p_\HW_D _ 1_50_ Q _ Invert TW
CULVERT 070 (02.00p),02.00p,0.772,1,0.8999999999999773,Circle,Corrugated Steel,Straight,Thin Edge Projecting,0.9000,0.9000,41.7000,300.1420,299.1510,10.0000,350.1420,299.6562,300.8878,Success,,0.7700,300.9700,0.9200,2.3900,1-S2n,No,C:\Temp\hy8\CULVERT 070\Fixed Flow Runs\CULVERT 070 _Q _ DS_h TW _2_.hy8,0.7700,300.9700,0.9200,2.3900,1-S2n,No,C:\Temp\hy8\CULVERT 070\Fixed Flow Runs\CULVERT 070 _Q _ Invert TW_.hy8,300.3700,0.2533,0.0800,1.2400,1-S2n,No,C:\Temp\hy8\CULVERT 070 _02_00p_\HW _ US_h_ Q _ DS_h TW,301.4900,1.4978,1.3400,2.6900,5-S2n,No,C:\Temp\hy8\CULVERT 070 _02_00p_\HW_D _ 1_50_ Q _ Invert TW
CULVERT 070 (20.00p),20.00p,0.374,1,0.8999999999999773,Circle,Corrugated Steel,Straight,Thin Edge Projecting,0.9000,0.9000,41.7000,300.1420,299.1510,10.0000,350.1420,299.4723,300.6484,Success,,0.3700,300.6700,0.5867,1.9700,1-S2n,No,C:\Temp\hy8\CULVERT 070\Fixed Flow Runs\CULVERT 070 _Q _ DS_h TW _1_.hy8,0.3700,300.6700,0.5867,1.9700,1-S2n,No,C:\Temp\hy8\CULVERT 070\Fixed Flow Runs\CULVERT 070 _Q _ Invert TW_.hy8,300.3000,0.1756,0.0400,1.0100,1-S2n,No,C:\Temp\hy8\CULVERT 070 _20_00p_\HW _ US_h_ Q _ DS_h TW,301.4900,1.4978,1.3400,2.6900,5-S2n,No,C:\Temp\hy8\CULVERT 070 _20_00p_\HW_D _ 1_50_ Q _ Invert TW
CULVERT 071,02.00p,0.658,1,0.9000000000000341,,,,,,,,,,,,,,Failed,Unable to bracket the requested headwater.,,,,,,,,,,,,,,,,,,,,,,,,,,,,
CULVERT 071,20.00p,0.322,1,0.9000000000000341,,,,,,,,,,,,,,Failed,Unable to bracket the requested headwater.,,,,,,,,,,,,,,,,,,,,,,,,,,,,
CULVERT 072 (02.00p),02.00p,1.276,1,0.9000000000000341,Circle,Corrugated Steel,Straight,Thin Edge Projecting,0.9000,0.9000,32.5000,302.5370,301.3500,10.0000,352.5370,301.6398,303.5799,Success,,1.2800,303.8100,1.4144,3.1700,5-S2n,No,C:\Temp\hy8\CULVERT 072\Fixed Flow Runs\CULVERT 072 _Q _ DS_h TW _2_.hy8,1.2800,303.8100,1.4144,3.1700,5-S2n,No,C:\Temp\hy8\CULVERT 072\Fixed Flow Runs\CULVERT 072 _Q _ Invert TW_.hy8,302.8200,0.3144,0.1300,1.6800,1-S2n,No,C:\Temp\hy8\CULVERT 072 _02_00p_\HW _ US_h_ Q _ DS_h TW,303.8800,1.4922,1.3400,3.2100,5-S2n,No,C:\Temp\hy8\CULVERT 072 _02_00p_\HW_D _ 1_50_ Q _ Invert TW
CULVERT 072 (20.00p),20.00p,0.621,1,0.9000000000000341,Circle,Corrugated Steel,Straight,Thin Edge Projecting,0.9000,0.9000,32.5000,302.5370,301.3500,10.0000,352.5370,301.5961,303.1985,Success,,0.6200,303.2500,0.7922,2.6500,1-S2n,No,C:\Temp\hy8\CULVERT 072\Fixed Flow Runs\CULVERT 072 _Q _ DS_h TW _1_.hy8,0.6200,303.2500,0.7922,2.6500,1-S2n,No,C:\Temp\hy8\CULVERT 072\Fixed Flow Runs\CULVERT 072 _Q _ Invert TW_.hy8,302.7400,0.2256,0.0600,0.4400,1-JS1t,No,C:\Temp\hy8\CULVERT 072 _20_00p_\HW _ US_h_ Q _ DS_h TW,303.8900,1.5033,1.3500,3.2100,5-S2n,No,C:\Temp\hy8\CULVERT 072 _20_00p_\HW_D _ 1_50_ Q _ Invert TW
CULVERT 073 (02.00p),02.00p,4.448,2,0.9000000000000341,Circle,Corrugated Steel,Straight,Thin Edge Projecting,0.9000,0.9000,39.7000,299.0990,297.1820,10.0000,349.0990,297.5839,301.0588,Success,,4.4500,301.8300,3.0344,3.8600,5-S2n,No,C:\Temp\hy8\CULVERT 073\Fixed Flow Runs\CULVERT 073 _Q _ DS_h TW _2_.hy8,4.4500,301.8300,3.0344,3.8600,5-S2n,No,C:\Temp\hy8\CULVERT 073\Fixed Flow Runs\CULVERT 073 _Q _ Invert TW_.hy8,299.4800,0.4233,0.4400,2.1800,1-S2n,No,C:\Temp\hy8\CULVERT 073 _02_00p_\HW _ US_h_ Q _ DS_h TW,299.2400,0.1567,0.0600,1.2200,1-S2n,No,C:\Temp\hy8\CULVERT 073 _02_00p_\HW_D _ 1_50_ Q _ Invert TW
CULVERT 073 (20.00p),20.00p,2.766,2,0.9000000000000341,Circle,Corrugated Steel,Straight,Thin Edge Projecting,0.9000,0.9000,39.7000,299.0990,297.1820,10.0000,349.0990,297.5006,300.2001,Success,,2.7700,300.4900,1.5456,3.6000,5-S2n,No,C:\Temp\hy8\CULVERT 073\Fixed Flow Runs\CULVERT 073 _Q _ DS_h TW _1_.hy8,2.7700,300.4900,1.5456,3.6000,5-S2n,No,C:\Temp\hy8\CULVERT 073\Fixed Flow Runs\CULVERT 073 _Q _ Invert TW_.hy8,300.2000,1.2233,2.2100,3.4200,5-S2n,No,C:\Temp\hy8\CULVERT 073 _20_00p_\HW _ US_h_ Q _ DS_h TW,299.2000,0.1122,0.0400,1.0500,1-S2n,No,C:\Temp\hy8\CULVERT 073 _20_00p_\HW_D _ 1_50_ Q _ Invert TW
CULVERT 076 (02.00p),02.00p,61.057,11,1.5,Circle,Corrugated Steel,Straight,Thin Edge Projecting,1.5000,1.5000,27.0000,295.6310,295.0780,10.0000,345.6310,297.0305,298.2306,Success,,61.0600,298.5500,1.9460,3.1400,4-FFf,No,C:\Temp\hy8\CULVERT 076\Fixed Flow Runs\CULVERT 076 _Q _ DS_h TW _2_.hy8,61.0600,298.3100,1.7860,3.6000,7-M2c,No,C:\Temp\hy8\CULVERT 076\Fixed Flow Runs\CULVERT 076 _Q _ Invert TW_.hy8,298.2300,1.7327,54.2600,2.7900,4-FFf,No,C:\Temp\hy8\CULVERT 076 _02_00p_\HW _ US_h_ Q _ DS_h TW,297.8800,1.4993,52.6600,3.5000,5-S2n,No,C:\Temp\hy8\CULVERT 076 _02_00p_\HW_D _ 1_50_ Q _ Invert TW
CULVERT 076 (20.00p),20.00p,44.803,11,1.5,Circle,Corrugated Steel,Straight,Thin Edge Projecting,1.5000,1.5000,27.0000,295.6310,295.0780,10.0000,345.6310,296.2747,297.2397,Success,,44.8000,297.5300,1.2660,3.4000,5-S2n,No,C:\Temp\hy8\CULVERT 076\Fixed Flow Runs\CULVERT 076 _Q _ DS_h TW _1_.hy8,44.8000,297.5300,1.2660,3.4000,5-S2n,No,C:\Temp\hy8\CULVERT 076\Fixed Flow Runs\CULVERT 076 _Q _ Invert TW_.hy8,297.2400,1.0727,36.9500,3.2600,5-S2n,No,C:\Temp\hy8\CULVERT 076 _20_00p_\HW _ US_h_ Q _ DS_h TW,297.8800,1.4993,52.7200,3.5000,5-S2n,No,C:\Temp\hy8\CULVERT 076 _20_00p_\HW_D _ 1_50_ Q _ Invert TW
CULVERT 077 (02.00p),02.00p,55.167,14,1.5,Circle,Corrugated Steel,Straight,Thin Edge Projecting,1.5000,1.5000,37.0000,297.6100,297.3500,10.0000,347.6100,299.5327,300.3031,Success,,55.1700,300.4000,1.8600,2.2300,4-FFf,No,C:\Temp\hy8\CULVERT 077\Fixed Flow Runs\CULVERT 077 _Q _ DS_h TW _2_.hy8,55.1700,299.4900,1.2533,3.0300,7-M2c,No,C:\Temp\hy8\CULVERT 077\Fixed Flow Runs\CULVERT 077 _Q _ Invert TW_.hy8,300.3000,1.7933,51.8300,2.0900,4-FFf,No,C:\Temp\hy8\CULVERT 077 _02_00p_\HW _ US_h_ Q _ DS_h TW,299.8700,1.5067,65.4800,3.2800,7-M2c,No,C:\Temp\hy8\CULVERT 077 _02_00p_\HW_D _ 1_50_ Q _ Invert TW
CULVERT 077 (20.00p),20.00p,33.761,14,1.5,Circle,Corrugated Steel,Straight,Thin Edge Projecting,1.5000,1.5000,37.0000,297.6100,297.3500,10.0000,347.6100,299.0241,299.3135,Success,,33.7600,299.3500,1.1600,1.3600,4-FFf,No,C:\Temp\hy8\CULVERT 077\Fixed Flow Runs\CULVERT 077 _Q _ DS_h TW _1_.hy8,33.7600,298.9600,0.9000,2.5100,2-M2c,No,C:\Temp\hy8\CULVERT 077\Fixed Flow Runs\CULVERT 077 _Q _ Invert TW_.hy8,299.3100,1.1333,31.6600,1.2800,4-FFf,No,C:\Temp\hy8\CULVERT 077 _20_00p_\HW _ US_h_ Q _ DS_h TW,299.8600,1.5000,65.4100,3.2800,7-M2c,No,C:\Temp\hy8\CULVERT 077 _20_00p_\HW_D _ 1_50_ Q _ Invert TW
CULVERT 078 (02.00p),02.00p,1.356,1,0.8999999999999773,Circle,Corrugated Steel,Straight,Thin Edge Projecting,0.9000,0.9000,30.5000,309.2520,308.5380,10.0000,359.2520,308.6907,310.3694,Success,,1.3600,310.6200,1.5200,2.6800,5-S2n,No,C:\Temp\hy8\CULVERT 078\Fixed Flow Runs\CULVERT 078 _Q _ DS_h TW _2_.hy8,1.3600,310.6200,1.5200,2.6800,5-S2n,No,C:\Temp\hy8\CULVERT 078\Fixed Flow Runs\CULVERT 078 _Q _ Invert TW_.hy8,309.5500,0.3311,0.1300,1.4600,1-S2n,No,C:\Temp\hy8\CULVERT 078 _02_00p_\HW _ US_h_ Q _ DS_h TW,310.6000,1.4978,1.3400,2.6700,5-S2n,No,C:\Temp\hy8\CULVERT 078 _02_00p_\HW_D _ 1_50_ Q _ Invert TW
CULVERT 078 (20.00p),20.00p,0.875,1,0.8999999999999773,Circle,Corrugated Steel,Straight,Thin Edge Projecting,0.9000,0.9000,30.5000,309.2520,308.5380,10.0000,359.2520,308.6482,310.1900,Success,,0.8700,310.1600,1.0089,2.4500,5-S2n,No,C:\Temp\hy8\CULVERT 078\Fixed Flow Runs\CULVERT 078 _Q _ DS_h TW _1_.hy8,0.8700,310.1600,1.0089,2.4500,5-S2n,No,C:\Temp\hy8\CULVERT 078\Fixed Flow Runs\CULVERT 078 _Q _ Invert TW_.hy8,310.1900,1.0422,0.9100,2.4700,5-S2n,No,C:\Temp\hy8\CULVERT 078 _20_00p_\HW _ US_h_ Q _ DS_h TW,310.6000,1.4978,1.3400,2.6700,5-S2n,No,C:\Temp\hy8\CULVERT 078 _20_00p_\HW_D _ 1_50_ Q _ Invert TW
CULVERT 079 (02.00p),02.00p,4.498,3,0.8999999999999773,Circle,Corrugated Steel,Straight,Thin Edge Projecting,0.9000,0.9000,44.4000,310.9930,310.1970,10.0000,360.9930,310.6967,312.5607,Success,,4.5000,312.5400,1.7189,2.7400,7-M2c,No,C:\Temp\hy8\CULVERT 079\Fixed Flow Runs\CULVERT 079 _Q _ DS_h TW _2_.hy8,4.5000,312.5400,1.7189,2.7400,7-M2c,No,C:\Temp\hy8\CULVERT 079\Fixed Flow Runs\CULVERT 079 _Q _ Invert TW_.hy8,312.5500,1.7300,4.5200,2.7500,7-M2c,No,C:\Temp\hy8\CULVERT 079 _02_00p_\HW _ US_h_ Q _ DS_h TW,312.3400,1.4967,4.0000,2.5700,7-M2c,No,C:\Temp\hy8\CULVERT 079 _02_00p_\HW_D _ 1_50_ Q _ Invert TW
CULVERT 079 (20.00p),20.00p,4.028,3,0.8999999999999773,Circle,Corrugated Steel,Straight,Thin Edge Projecting,0.9000,0.9000,44.4000,310.9930,310.1970,10.0000,360.9930,310.6533,312.1985,Success,,4.0300,312.3500,1.5078,2.5800,7-M2c,No,C:\Temp\hy8\CULVERT 079\Fixed Flow Runs\CULVERT 079 _Q _ DS_h TW _1_.hy8,4.0300,312.3500,1.5078,2.5800,7-M2c,No,C:\Temp\hy8\CULVERT 079\Fixed Flow Runs\CULVERT 079 _Q _ Invert TW_.hy8,311.2900,0.3300,0.4000,1.3200,1-S2n,No,C:\Temp\hy8\CULVERT 079 _20_00p_\HW _ US_h_ Q _ DS_h TW,312.3400,1.4967,4.0100,2.5700,7-M2c,No,C:\Temp\hy8\CULVERT 079 _20_00p_\HW_D _ 1_50_ Q _ Invert TW
